timestamp,train_id,x_m,y_m,node,state,entry_time,exit_time
2025-08-13T08:00:00,1,20.0,8.0,,moving,2025-08-13T08:00:00,2025-08-13T08:00:50.062500
2025-08-13T08:00:00,2,17.0,5.0,,moving,2025-08-13T08:00:00,2025-08-13T08:00:50.139754
2025-08-13T08:00:00,3,2.0,7.0,,moving,2025-08-13T08:00:00,2025-08-13T08:00:50.139754
2025-08-13T08:00:00,5,20.5,9.0,,moving,2025-08-13T08:00:00,2025-08-13T08:00:50.139754
2025-08-13T08:00:00,6,17.0,7.0,,moving,2025-08-13T08:00:00,2025-08-13T08:00:50.176777
2025-08-13T08:00:00,7,19.0,7.0,,moving,2025-08-13T08:00:00,2025-08-13T08:00:50.250000
2025-08-13T08:00:00,8,12.0,10.0,,moving,2025-08-13T08:00:00,2025-08-13T08:00:50.139754
2025-08-13T08:00:01,1,19.5,8.0,,moving,2025-08-13T08:00:00,2025-08-13T08:00:50.062500
2025-08-13T08:00:01,2,17.5,6.0,,moving,2025-08-13T08:00:00,2025-08-13T08:00:50.139754
2025-08-13T08:00:01,3,1.5,6.0,,moving,2025-08-13T08:00:00,2025-08-13T08:00:50.139754
2025-08-13T08:00:01,5,20.0,8.0,,moving,2025-08-13T08:00:00,2025-08-13T08:00:50.139754
2025-08-13T08:00:01,6,18.0,8.0,,moving,2025-08-13T08:00:00,2025-08-13T08:00:50.176777
2025-08-13T08:00:01,7,21.0,7.0,,moving,2025-08-13T08:00:00,2025-08-13T08:00:50.250000
2025-08-13T08:00:01,8,12.5,9.0,,moving,2025-08-13T08:00:00,2025-08-13T08:00:50.139754
2025-08-13T08:00:02,1,19.5,8.0,,moving,2025-08-13T08:00:00,2025-08-13T08:00:50.062500
2025-08-13T08:00:02,2,17.5,6.0,,moving,2025-08-13T08:00:00,2025-08-13T08:00:50.139754
2025-08-13T08:00:02,3,1.5,6.0,,moving,2025-08-13T08:00:00,2025-08-13T08:00:50.139754
2025-08-13T08:00:02,5,20.0,8.0,,moving,2025-08-13T08:00:00,2025-08-13T08:00:50.139754
2025-08-13T08:00:02,6,18.0,8.0,,moving,2025-08-13T08:00:00,2025-08-13T08:00:50.176777
2025-08-13T08:00:02,7,21.0,7.0,,moving,2025-08-13T08:00:00,2025-08-13T08:00:50.250000
2025-08-13T08:00:02,8,12.5,9.0,,moving,2025-08-13T08:00:00,2025-08-13T08:00:50.139754
2025-08-13T08:00:03,1,19.5,8.0,,moving,2025-08-13T08:00:00,2025-08-13T08:00:50.062500
2025-08-13T08:00:03,2,17.5,6.0,,moving,2025-08-13T08:00:00,2025-08-13T08:00:50.139754
2025-08-13T08:00:03,3,1.5,6.0,,moving,2025-08-13T08:00:00,2025-08-13T08:00:50.139754
2025-08-13T08:00:03,5,20.0,8.0,,moving,2025-08-13T08:00:00,2025-08-13T08:00:50.139754
2025-08-13T08:00:03,6,18.0,8.0,,moving,2025-08-13T08:00:00,2025-08-13T08:00:50.176777
2025-08-13T08:00:03,7,21.0,7.0,,moving,2025-08-13T08:00:00,2025-08-13T08:00:50.250000
2025-08-13T08:00:03,8,12.5,9.0,,moving,2025-08-13T08:00:00,2025-08-13T08:00:50.139754
2025-08-13T08:00:04,1,19.5,8.0,,moving,2025-08-13T08:00:00,2025-08-13T08:00:50.062500
2025-08-13T08:00:04,2,17.5,6.0,,moving,2025-08-13T08:00:00,2025-08-13T08:00:50.139754
2025-08-13T08:00:04,3,1.5,6.0,,moving,2025-08-13T08:00:00,2025-08-13T08:00:50.139754
2025-08-13T08:00:04,5,20.0,8.0,,moving,2025-08-13T08:00:00,2025-08-13T08:00:50.139754
2025-08-13T08:00:04,6,18.0,8.0,,moving,2025-08-13T08:00:00,2025-08-13T08:00:50.176777
2025-08-13T08:00:04,7,21.0,7.0,,moving,2025-08-13T08:00:00,2025-08-13T08:00:50.250000
2025-08-13T08:00:04,8,12.5,9.0,,moving,2025-08-13T08:00:00,2025-08-13T08:00:50.139754
2025-08-13T08:00:05,1,19.5,8.0,,moving,2025-08-13T08:00:00,2025-08-13T08:00:50.062500
2025-08-13T08:00:05,2,17.5,6.0,,moving,2025-08-13T08:00:00,2025-08-13T08:00:50.139754
2025-08-13T08:00:05,3,1.5,6.0,,moving,2025-08-13T08:00:00,2025-08-13T08:00:50.139754
2025-08-13T08:00:05,5,20.0,8.0,,moving,2025-08-13T08:00:00,2025-08-13T08:00:50.139754
2025-08-13T08:00:05,6,18.0,8.0,,moving,2025-08-13T08:00:00,2025-08-13T08:00:50.176777
2025-08-13T08:00:05,7,21.0,7.0,,moving,2025-08-13T08:00:00,2025-08-13T08:00:50.250000
2025-08-13T08:00:05,8,12.5,9.0,,moving,2025-08-13T08:00:00,2025-08-13T08:00:50.139754
2025-08-13T08:00:06,1,19.5,8.0,,moving,2025-08-13T08:00:00,2025-08-13T08:00:50.062500
2025-08-13T08:00:06,2,17.5,6.0,,moving,2025-08-13T08:00:00,2025-08-13T08:00:50.139754
2025-08-13T08:00:06,3,1.5,6.0,,moving,2025-08-13T08:00:00,2025-08-13T08:00:50.139754
2025-08-13T08:00:06,5,20.0,8.0,,moving,2025-08-13T08:00:00,2025-08-13T08:00:50.139754
2025-08-13T08:00:06,6,18.0,8.0,,moving,2025-08-13T08:00:00,2025-08-13T08:00:50.176777
2025-08-13T08:00:06,7,21.0,7.0,,moving,2025-08-13T08:00:00,2025-08-13T08:00:50.250000
2025-08-13T08:00:06,8,12.5,9.0,,moving,2025-08-13T08:00:00,2025-08-13T08:00:50.139754
2025-08-13T08:00:07,1,19.5,8.0,,moving,2025-08-13T08:00:00,2025-08-13T08:00:50.062500
2025-08-13T08:00:07,2,17.5,6.0,,moving,2025-08-13T08:00:00,2025-08-13T08:00:50.139754
2025-08-13T08:00:07,3,1.5,6.0,,moving,2025-08-13T08:00:00,2025-08-13T08:00:50.139754
2025-08-13T08:00:07,5,20.0,8.0,,moving,2025-08-13T08:00:00,2025-08-13T08:00:50.139754
2025-08-13T08:00:07,6,18.0,8.0,,moving,2025-08-13T08:00:00,2025-08-13T08:00:50.176777
2025-08-13T08:00:07,7,21.0,7.0,,moving,2025-08-13T08:00:00,2025-08-13T08:00:50.250000
2025-08-13T08:00:07,8,12.5,9.0,,moving,2025-08-13T08:00:00,2025-08-13T08:00:50.139754
2025-08-13T08:00:08,1,19.5,8.0,,moving,2025-08-13T08:00:00,2025-08-13T08:00:50.062500
2025-08-13T08:00:08,2,17.5,6.0,,moving,2025-08-13T08:00:00,2025-08-13T08:00:50.139754
2025-08-13T08:00:08,3,1.5,6.0,,moving,2025-08-13T08:00:00,2025-08-13T08:00:50.139754
2025-08-13T08:00:08,5,20.0,8.0,,moving,2025-08-13T08:00:00,2025-08-13T08:00:50.139754
2025-08-13T08:00:08,6,18.0,8.0,,moving,2025-08-13T08:00:00,2025-08-13T08:00:50.176777
2025-08-13T08:00:08,7,21.0,7.0,,moving,2025-08-13T08:00:00,2025-08-13T08:00:50.250000
2025-08-13T08:00:08,8,12.5,9.0,,moving,2025-08-13T08:00:00,2025-08-13T08:00:50.139754
2025-08-13T08:00:09,1,19.5,8.0,,moving,2025-08-13T08:00:00,2025-08-13T08:00:50.062500
2025-08-13T08:00:09,2,17.5,6.0,,moving,2025-08-13T08:00:00,2025-08-13T08:00:50.139754
2025-08-13T08:00:09,3,1.5,6.0,,moving,2025-08-13T08:00:00,2025-08-13T08:00:50.139754
2025-08-13T08:00:09,5,20.0,8.0,,moving,2025-08-13T08:00:00,2025-08-13T08:00:50.139754
2025-08-13T08:00:09,6,18.0,8.0,,moving,2025-08-13T08:00:00,2025-08-13T08:00:50.176777
2025-08-13T08:00:09,7,21.0,7.0,,moving,2025-08-13T08:00:00,2025-08-13T08:00:50.250000
2025-08-13T08:00:09,8,12.5,9.0,,moving,2025-08-13T08:00:00,2025-08-13T08:00:50.139754
2025-08-13T08:00:10,1,19.5,8.0,,moving,2025-08-13T08:00:00,2025-08-13T08:00:50.062500
2025-08-13T08:00:10,2,17.5,6.0,,moving,2025-08-13T08:00:00,2025-08-13T08:00:50.139754
2025-08-13T08:00:10,3,1.5,6.0,,moving,2025-08-13T08:00:00,2025-08-13T08:00:50.139754
2025-08-13T08:00:10,5,20.0,8.0,,moving,2025-08-13T08:00:00,2025-08-13T08:00:50.139754
2025-08-13T08:00:10,6,18.0,8.0,,moving,2025-08-13T08:00:00,2025-08-13T08:00:50.176777
2025-08-13T08:00:10,7,21.0,7.0,,moving,2025-08-13T08:00:00,2025-08-13T08:00:50.250000
2025-08-13T08:00:10,8,12.5,9.0,,moving,2025-08-13T08:00:00,2025-08-13T08:00:50.139754
2025-08-13T08:00:11,1,19.5,8.0,,moving,2025-08-13T08:00:00,2025-08-13T08:00:50.062500
2025-08-13T08:00:11,2,17.5,6.0,,moving,2025-08-13T08:00:00,2025-08-13T08:00:50.139754
2025-08-13T08:00:11,3,1.5,6.0,,moving,2025-08-13T08:00:00,2025-08-13T08:00:50.139754
2025-08-13T08:00:11,5,20.0,8.0,,moving,2025-08-13T08:00:00,2025-08-13T08:00:50.139754
2025-08-13T08:00:11,6,18.0,8.0,,moving,2025-08-13T08:00:00,2025-08-13T08:00:50.176777
2025-08-13T08:00:11,7,21.0,7.0,,moving,2025-08-13T08:00:00,2025-08-13T08:00:50.250000
2025-08-13T08:00:11,8,12.5,9.0,,moving,2025-08-13T08:00:00,2025-08-13T08:00:50.139754
2025-08-13T08:00:12,1,19.5,8.0,,moving,2025-08-13T08:00:00,2025-08-13T08:00:50.062500
2025-08-13T08:00:12,2,17.5,6.0,,moving,2025-08-13T08:00:00,2025-08-13T08:00:50.139754
2025-08-13T08:00:12,3,1.5,6.0,,moving,2025-08-13T08:00:00,2025-08-13T08:00:50.139754
2025-08-13T08:00:12,5,20.0,8.0,,moving,2025-08-13T08:00:00,2025-08-13T08:00:50.139754
2025-08-13T08:00:12,6,18.0,8.0,,moving,2025-08-13T08:00:00,2025-08-13T08:00:50.176777
2025-08-13T08:00:12,7,21.0,7.0,,moving,2025-08-13T08:00:00,2025-08-13T08:00:50.250000
2025-08-13T08:00:12,8,12.5,9.0,,moving,2025-08-13T08:00:00,2025-08-13T08:00:50.139754
2025-08-13T08:00:13,1,19.5,8.0,,moving,2025-08-13T08:00:00,2025-08-13T08:00:50.062500
2025-08-13T08:00:13,2,17.5,6.0,,moving,2025-08-13T08:00:00,2025-08-13T08:00:50.139754
2025-08-13T08:00:13,3,1.5,6.0,,moving,2025-08-13T08:00:00,2025-08-13T08:00:50.139754
2025-08-13T08:00:13,5,20.0,8.0,,moving,2025-08-13T08:00:00,2025-08-13T08:00:50.139754
2025-08-13T08:00:13,6,18.0,8.0,,moving,2025-08-13T08:00:00,2025-08-13T08:00:50.176777
2025-08-13T08:00:13,7,21.0,7.0,,moving,2025-08-13T08:00:00,2025-08-13T08:00:50.250000
2025-08-13T08:00:13,8,12.5,9.0,,moving,2025-08-13T08:00:00,2025-08-13T08:00:50.139754
2025-08-13T08:00:14,1,19.5,8.0,,moving,2025-08-13T08:00:00,2025-08-13T08:00:50.062500
2025-08-13T08:00:14,2,17.5,6.0,,moving,2025-08-13T08:00:00,2025-08-13T08:00:50.139754
2025-08-13T08:00:14,3,1.5,6.0,,moving,2025-08-13T08:00:00,2025-08-13T08:00:50.139754
2025-08-13T08:00:14,5,20.0,8.0,,moving,2025-08-13T08:00:00,2025-08-13T08:00:50.139754
2025-08-13T08:00:14,6,18.0,8.0,,moving,2025-08-13T08:00:00,2025-08-13T08:00:50.176777
2025-08-13T08:00:14,7,21.0,7.0,,moving,2025-08-13T08:00:00,2025-08-13T08:00:50.250000
2025-08-13T08:00:14,8,12.5,9.0,,moving,2025-08-13T08:00:00,2025-08-13T08:00:50.139754
2025-08-13T08:00:15,1,19.5,8.0,,moving,2025-08-13T08:00:00,2025-08-13T08:00:50.062500
2025-08-13T08:00:15,2,17.5,6.0,,moving,2025-08-13T08:00:00,2025-08-13T08:00:50.139754
2025-08-13T08:00:15,3,1.5,6.0,,moving,2025-08-13T08:00:00,2025-08-13T08:00:50.139754
2025-08-13T08:00:15,5,20.0,8.0,,moving,2025-08-13T08:00:00,2025-08-13T08:00:50.139754
2025-08-13T08:00:15,6,18.0,8.0,,moving,2025-08-13T08:00:00,2025-08-13T08:00:50.176777
2025-08-13T08:00:15,7,21.0,7.0,,moving,2025-08-13T08:00:00,2025-08-13T08:00:50.250000
2025-08-13T08:00:15,8,12.5,9.0,,moving,2025-08-13T08:00:00,2025-08-13T08:00:50.139754
2025-08-13T08:00:16,1,19.5,8.0,,moving,2025-08-13T08:00:00,2025-08-13T08:00:50.062500
2025-08-13T08:00:16,2,17.5,6.0,,moving,2025-08-13T08:00:00,2025-08-13T08:00:50.139754
2025-08-13T08:00:16,3,1.5,6.0,,moving,2025-08-13T08:00:00,2025-08-13T08:00:50.139754
2025-08-13T08:00:16,5,20.0,8.0,,moving,2025-08-13T08:00:00,2025-08-13T08:00:50.139754
2025-08-13T08:00:16,6,18.0,8.0,,moving,2025-08-13T08:00:00,2025-08-13T08:00:50.176777
2025-08-13T08:00:16,7,21.0,7.0,,moving,2025-08-13T08:00:00,2025-08-13T08:00:50.250000
2025-08-13T08:00:16,8,12.5,9.0,,moving,2025-08-13T08:00:00,2025-08-13T08:00:50.139754
2025-08-13T08:00:17,1,19.5,8.0,,moving,2025-08-13T08:00:00,2025-08-13T08:00:50.062500
2025-08-13T08:00:17,2,17.5,6.0,,moving,2025-08-13T08:00:00,2025-08-13T08:00:50.139754
2025-08-13T08:00:17,3,1.5,6.0,,moving,2025-08-13T08:00:00,2025-08-13T08:00:50.139754
2025-08-13T08:00:17,5,20.0,8.0,,moving,2025-08-13T08:00:00,2025-08-13T08:00:50.139754
2025-08-13T08:00:17,6,18.0,8.0,,moving,2025-08-13T08:00:00,2025-08-13T08:00:50.176777
2025-08-13T08:00:17,7,21.0,7.0,,moving,2025-08-13T08:00:00,2025-08-13T08:00:50.250000
2025-08-13T08:00:17,8,12.5,9.0,,moving,2025-08-13T08:00:00,2025-08-13T08:00:50.139754
2025-08-13T08:00:18,1,19.5,8.0,,moving,2025-08-13T08:00:00,2025-08-13T08:00:50.062500
2025-08-13T08:00:18,2,17.5,6.0,,moving,2025-08-13T08:00:00,2025-08-13T08:00:50.139754
2025-08-13T08:00:18,3,1.5,6.0,,moving,2025-08-13T08:00:00,2025-08-13T08:00:50.139754
2025-08-13T08:00:18,5,20.0,8.0,,moving,2025-08-13T08:00:00,2025-08-13T08:00:50.139754
2025-08-13T08:00:18,6,18.0,8.0,,moving,2025-08-13T08:00:00,2025-08-13T08:00:50.176777
2025-08-13T08:00:18,7,21.0,7.0,,moving,2025-08-13T08:00:00,2025-08-13T08:00:50.250000
2025-08-13T08:00:18,8,12.5,9.0,,moving,2025-08-13T08:00:00,2025-08-13T08:00:50.139754
2025-08-13T08:00:19,1,19.5,8.0,,moving,2025-08-13T08:00:00,2025-08-13T08:00:50.062500
2025-08-13T08:00:19,2,17.5,6.0,,moving,2025-08-13T08:00:00,2025-08-13T08:00:50.139754
2025-08-13T08:00:19,3,1.5,6.0,,moving,2025-08-13T08:00:00,2025-08-13T08:00:50.139754
2025-08-13T08:00:19,5,20.0,8.0,,moving,2025-08-13T08:00:00,2025-08-13T08:00:50.139754
2025-08-13T08:00:19,6,18.0,8.0,,moving,2025-08-13T08:00:00,2025-08-13T08:00:50.176777
2025-08-13T08:00:19,7,21.0,7.0,,moving,2025-08-13T08:00:00,2025-08-13T08:00:50.250000
2025-08-13T08:00:19,8,12.5,9.0,,moving,2025-08-13T08:00:00,2025-08-13T08:00:50.139754
2025-08-13T08:00:20,1,19.5,8.0,,moving,2025-08-13T08:00:00,2025-08-13T08:00:50.062500
2025-08-13T08:00:20,2,17.5,6.0,,moving,2025-08-13T08:00:00,2025-08-13T08:00:50.139754
2025-08-13T08:00:20,3,1.5,6.0,,moving,2025-08-13T08:00:00,2025-08-13T08:00:50.139754
2025-08-13T08:00:20,5,20.0,8.0,,moving,2025-08-13T08:00:00,2025-08-13T08:00:50.139754
2025-08-13T08:00:20,6,18.0,8.0,,moving,2025-08-13T08:00:00,2025-08-13T08:00:50.176777
2025-08-13T08:00:20,7,21.0,7.0,,moving,2025-08-13T08:00:00,2025-08-13T08:00:50.250000
2025-08-13T08:00:20,8,12.5,9.0,,moving,2025-08-13T08:00:00,2025-08-13T08:00:50.139754
2025-08-13T08:00:21,1,19.5,8.0,,moving,2025-08-13T08:00:00,2025-08-13T08:00:50.062500
2025-08-13T08:00:21,2,17.5,6.0,,moving,2025-08-13T08:00:00,2025-08-13T08:00:50.139754
2025-08-13T08:00:21,3,1.5,6.0,,moving,2025-08-13T08:00:00,2025-08-13T08:00:50.139754
2025-08-13T08:00:21,5,20.0,8.0,,moving,2025-08-13T08:00:00,2025-08-13T08:00:50.139754
2025-08-13T08:00:21,6,18.0,8.0,,moving,2025-08-13T08:00:00,2025-08-13T08:00:50.176777
2025-08-13T08:00:21,7,21.0,7.0,,moving,2025-08-13T08:00:00,2025-08-13T08:00:50.250000
2025-08-13T08:00:21,8,12.5,9.0,,moving,2025-08-13T08:00:00,2025-08-13T08:00:50.139754
2025-08-13T08:00:22,1,19.5,8.0,,moving,2025-08-13T08:00:00,2025-08-13T08:00:50.062500
2025-08-13T08:00:22,2,17.5,6.0,,moving,2025-08-13T08:00:00,2025-08-13T08:00:50.139754
2025-08-13T08:00:22,3,1.5,6.0,,moving,2025-08-13T08:00:00,2025-08-13T08:00:50.139754
2025-08-13T08:00:22,5,20.0,8.0,,moving,2025-08-13T08:00:00,2025-08-13T08:00:50.139754
2025-08-13T08:00:22,6,18.0,8.0,,moving,2025-08-13T08:00:00,2025-08-13T08:00:50.176777
2025-08-13T08:00:22,7,21.0,7.0,,moving,2025-08-13T08:00:00,2025-08-13T08:00:50.250000
2025-08-13T08:00:22,8,12.5,9.0,,moving,2025-08-13T08:00:00,2025-08-13T08:00:50.139754
2025-08-13T08:00:23,1,19.5,8.0,,moving,2025-08-13T08:00:00,2025-08-13T08:00:50.062500
2025-08-13T08:00:23,2,17.5,6.0,,moving,2025-08-13T08:00:00,2025-08-13T08:00:50.139754
2025-08-13T08:00:23,3,1.5,6.0,,moving,2025-08-13T08:00:00,2025-08-13T08:00:50.139754
2025-08-13T08:00:23,5,20.0,8.0,,moving,2025-08-13T08:00:00,2025-08-13T08:00:50.139754
2025-08-13T08:00:23,6,18.0,8.0,,moving,2025-08-13T08:00:00,2025-08-13T08:00:50.176777
2025-08-13T08:00:23,7,21.0,7.0,,moving,2025-08-13T08:00:00,2025-08-13T08:00:50.250000
2025-08-13T08:00:23,8,12.5,9.0,,moving,2025-08-13T08:00:00,2025-08-13T08:00:50.139754
2025-08-13T08:00:24,1,19.5,8.0,,moving,2025-08-13T08:00:00,2025-08-13T08:00:50.062500
2025-08-13T08:00:24,2,17.5,6.0,,moving,2025-08-13T08:00:00,2025-08-13T08:00:50.139754
2025-08-13T08:00:24,3,1.5,6.0,,moving,2025-08-13T08:00:00,2025-08-13T08:00:50.139754
2025-08-13T08:00:24,5,20.0,8.0,,moving,2025-08-13T08:00:00,2025-08-13T08:00:50.139754
2025-08-13T08:00:24,6,18.0,8.0,,moving,2025-08-13T08:00:00,2025-08-13T08:00:50.176777
2025-08-13T08:00:24,7,21.0,7.0,,moving,2025-08-13T08:00:00,2025-08-13T08:00:50.250000
2025-08-13T08:00:24,8,12.5,9.0,,moving,2025-08-13T08:00:00,2025-08-13T08:00:50.139754
2025-08-13T08:00:25,1,19.5,8.0,,moving,2025-08-13T08:00:00,2025-08-13T08:00:50.062500
2025-08-13T08:00:25,2,17.5,6.0,,moving,2025-08-13T08:00:00,2025-08-13T08:00:50.139754
2025-08-13T08:00:25,3,1.5,6.0,,moving,2025-08-13T08:00:00,2025-08-13T08:00:50.139754
2025-08-13T08:00:25,5,20.0,8.0,,moving,2025-08-13T08:00:00,2025-08-13T08:00:50.139754
2025-08-13T08:00:25,6,18.0,8.0,,moving,2025-08-13T08:00:00,2025-08-13T08:00:50.176777
2025-08-13T08:00:25,7,21.0,7.0,,moving,2025-08-13T08:00:00,2025-08-13T08:00:50.250000
2025-08-13T08:00:25,8,12.5,9.0,,moving,2025-08-13T08:00:00,2025-08-13T08:00:50.139754
2025-08-13T08:00:26,1,19.5,8.0,,moving,2025-08-13T08:00:00,2025-08-13T08:00:50.062500
2025-08-13T08:00:26,2,17.5,6.0,,moving,2025-08-13T08:00:00,2025-08-13T08:00:50.139754
2025-08-13T08:00:26,3,1.5,6.0,,moving,2025-08-13T08:00:00,2025-08-13T08:00:50.139754
2025-08-13T08:00:26,5,20.0,8.0,,moving,2025-08-13T08:00:00,2025-08-13T08:00:50.139754
2025-08-13T08:00:26,6,18.0,8.0,,moving,2025-08-13T08:00:00,2025-08-13T08:00:50.176777
2025-08-13T08:00:26,7,21.0,7.0,,moving,2025-08-13T08:00:00,2025-08-13T08:00:50.250000
2025-08-13T08:00:26,8,12.5,9.0,,moving,2025-08-13T08:00:00,2025-08-13T08:00:50.139754
2025-08-13T08:00:27,1,19.5,8.0,,moving,2025-08-13T08:00:00,2025-08-13T08:00:50.062500
2025-08-13T08:00:27,2,17.5,6.0,,moving,2025-08-13T08:00:00,2025-08-13T08:00:50.139754
2025-08-13T08:00:27,3,1.5,6.0,,moving,2025-08-13T08:00:00,2025-08-13T08:00:50.139754
2025-08-13T08:00:27,5,20.0,8.0,,moving,2025-08-13T08:00:00,2025-08-13T08:00:50.139754
2025-08-13T08:00:27,6,18.0,8.0,,moving,2025-08-13T08:00:00,2025-08-13T08:00:50.176777
2025-08-13T08:00:27,7,21.0,7.0,,moving,2025-08-13T08:00:00,2025-08-13T08:00:50.250000
2025-08-13T08:00:27,8,12.5,9.0,,moving,2025-08-13T08:00:00,2025-08-13T08:00:50.139754
2025-08-13T08:00:28,1,19.5,8.0,,moving,2025-08-13T08:00:00,2025-08-13T08:00:50.062500
2025-08-13T08:00:28,2,17.5,6.0,,moving,2025-08-13T08:00:00,2025-08-13T08:00:50.139754
2025-08-13T08:00:28,3,1.5,6.0,,moving,2025-08-13T08:00:00,2025-08-13T08:00:50.139754
2025-08-13T08:00:28,5,20.0,8.0,,moving,2025-08-13T08:00:00,2025-08-13T08:00:50.139754
2025-08-13T08:00:28,6,18.0,8.0,,moving,2025-08-13T08:00:00,2025-08-13T08:00:50.176777
2025-08-13T08:00:28,7,21.0,7.0,,moving,2025-08-13T08:00:00,2025-08-13T08:00:50.250000
2025-08-13T08:00:28,8,12.5,9.0,,moving,2025-08-13T08:00:00,2025-08-13T08:00:50.139754
2025-08-13T08:00:29,1,19.5,8.0,,moving,2025-08-13T08:00:00,2025-08-13T08:00:50.062500
2025-08-13T08:00:29,2,17.5,6.0,,moving,2025-08-13T08:00:00,2025-08-13T08:00:50.139754
2025-08-13T08:00:29,3,1.5,6.0,,moving,2025-08-13T08:00:00,2025-08-13T08:00:50.139754
2025-08-13T08:00:29,5,20.0,8.0,,moving,2025-08-13T08:00:00,2025-08-13T08:00:50.139754
2025-08-13T08:00:29,6,18.0,8.0,,moving,2025-08-13T08:00:00,2025-08-13T08:00:50.176777
2025-08-13T08:00:29,7,21.0,7.0,,moving,2025-08-13T08:00:00,2025-08-13T08:00:50.250000
2025-08-13T08:00:29,8,12.5,9.0,,moving,2025-08-13T08:00:00,2025-08-13T08:00:50.139754
2025-08-13T08:00:30,1,19.5,8.0,,moving,2025-08-13T08:00:00,2025-08-13T08:00:50.062500
2025-08-13T08:00:30,2,17.5,6.0,,moving,2025-08-13T08:00:00,2025-08-13T08:00:50.139754
2025-08-13T08:00:30,3,1.5,6.0,,moving,2025-08-13T08:00:00,2025-08-13T08:00:50.139754
2025-08-13T08:00:30,5,20.0,8.0,,moving,2025-08-13T08:00:00,2025-08-13T08:00:50.139754
2025-08-13T08:00:30,6,18.0,8.0,,moving,2025-08-13T08:00:00,2025-08-13T08:00:50.176777
2025-08-13T08:00:30,7,21.0,7.0,,moving,2025-08-13T08:00:00,2025-08-13T08:00:50.250000
2025-08-13T08:00:30,8,12.5,9.0,,moving,2025-08-13T08:00:00,2025-08-13T08:00:50.139754
2025-08-13T08:00:31,1,19.5,8.0,,moving,2025-08-13T08:00:00,2025-08-13T08:00:50.062500
2025-08-13T08:00:31,2,17.5,6.0,,moving,2025-08-13T08:00:00,2025-08-13T08:00:50.139754
2025-08-13T08:00:31,3,1.5,6.0,,moving,2025-08-13T08:00:00,2025-08-13T08:00:50.139754
2025-08-13T08:00:31,5,20.0,8.0,,moving,2025-08-13T08:00:00,2025-08-13T08:00:50.139754
2025-08-13T08:00:31,6,18.0,8.0,,moving,2025-08-13T08:00:00,2025-08-13T08:00:50.176777
2025-08-13T08:00:31,7,21.0,7.0,,moving,2025-08-13T08:00:00,2025-08-13T08:00:50.250000
2025-08-13T08:00:31,8,12.5,9.0,,moving,2025-08-13T08:00:00,2025-08-13T08:00:50.139754
2025-08-13T08:00:32,1,19.5,8.0,,moving,2025-08-13T08:00:00,2025-08-13T08:00:50.062500
2025-08-13T08:00:32,2,17.5,6.0,,moving,2025-08-13T08:00:00,2025-08-13T08:00:50.139754
2025-08-13T08:00:32,3,1.5,6.0,,moving,2025-08-13T08:00:00,2025-08-13T08:00:50.139754
2025-08-13T08:00:32,5,20.0,8.0,,moving,2025-08-13T08:00:00,2025-08-13T08:00:50.139754
2025-08-13T08:00:32,6,18.0,8.0,,moving,2025-08-13T08:00:00,2025-08-13T08:00:50.176777
2025-08-13T08:00:32,7,21.0,7.0,,moving,2025-08-13T08:00:00,2025-08-13T08:00:50.250000
2025-08-13T08:00:32,8,12.5,9.0,,moving,2025-08-13T08:00:00,2025-08-13T08:00:50.139754
2025-08-13T08:00:33,1,19.5,8.0,,moving,2025-08-13T08:00:00,2025-08-13T08:00:50.062500
2025-08-13T08:00:33,2,17.5,6.0,,moving,2025-08-13T08:00:00,2025-08-13T08:00:50.139754
2025-08-13T08:00:33,3,1.5,6.0,,moving,2025-08-13T08:00:00,2025-08-13T08:00:50.139754
2025-08-13T08:00:33,5,20.0,8.0,,moving,2025-08-13T08:00:00,2025-08-13T08:00:50.139754
2025-08-13T08:00:33,6,18.0,8.0,,moving,2025-08-13T08:00:00,2025-08-13T08:00:50.176777
2025-08-13T08:00:33,7,21.0,7.0,,moving,2025-08-13T08:00:00,2025-08-13T08:00:50.250000
2025-08-13T08:00:33,8,12.5,9.0,,moving,2025-08-13T08:00:00,2025-08-13T08:00:50.139754
2025-08-13T08:00:34,1,19.5,8.0,,moving,2025-08-13T08:00:00,2025-08-13T08:00:50.062500
2025-08-13T08:00:34,2,17.5,6.0,,moving,2025-08-13T08:00:00,2025-08-13T08:00:50.139754
2025-08-13T08:00:34,3,1.5,6.0,,moving,2025-08-13T08:00:00,2025-08-13T08:00:50.139754
2025-08-13T08:00:34,5,20.0,8.0,,moving,2025-08-13T08:00:00,2025-08-13T08:00:50.139754
2025-08-13T08:00:34,6,18.0,8.0,,moving,2025-08-13T08:00:00,2025-08-13T08:00:50.176777
2025-08-13T08:00:34,7,21.0,7.0,,moving,2025-08-13T08:00:00,2025-08-13T08:00:50.250000
2025-08-13T08:00:34,8,12.5,9.0,,moving,2025-08-13T08:00:00,2025-08-13T08:00:50.139754
2025-08-13T08:00:35,1,19.5,8.0,,moving,2025-08-13T08:00:00,2025-08-13T08:00:50.062500
2025-08-13T08:00:35,2,17.5,6.0,,moving,2025-08-13T08:00:00,2025-08-13T08:00:50.139754
2025-08-13T08:00:35,3,1.5,6.0,,moving,2025-08-13T08:00:00,2025-08-13T08:00:50.139754
2025-08-13T08:00:35,5,20.0,8.0,,moving,2025-08-13T08:00:00,2025-08-13T08:00:50.139754
2025-08-13T08:00:35,6,18.0,8.0,,moving,2025-08-13T08:00:00,2025-08-13T08:00:50.176777
2025-08-13T08:00:35,7,21.0,7.0,,moving,2025-08-13T08:00:00,2025-08-13T08:00:50.250000
2025-08-13T08:00:35,8,12.5,9.0,,moving,2025-08-13T08:00:00,2025-08-13T08:00:50.139754
2025-08-13T08:00:36,1,19.5,8.0,,moving,2025-08-13T08:00:00,2025-08-13T08:00:50.062500
2025-08-13T08:00:36,2,17.5,6.0,,moving,2025-08-13T08:00:00,2025-08-13T08:00:50.139754
2025-08-13T08:00:36,3,1.5,6.0,,moving,2025-08-13T08:00:00,2025-08-13T08:00:50.139754
2025-08-13T08:00:36,5,20.0,8.0,,moving,2025-08-13T08:00:00,2025-08-13T08:00:50.139754
2025-08-13T08:00:36,6,18.0,8.0,,moving,2025-08-13T08:00:00,2025-08-13T08:00:50.176777
2025-08-13T08:00:36,7,21.0,7.0,,moving,2025-08-13T08:00:00,2025-08-13T08:00:50.250000
2025-08-13T08:00:36,8,12.5,9.0,,moving,2025-08-13T08:00:00,2025-08-13T08:00:50.139754
2025-08-13T08:00:37,1,19.5,8.0,,moving,2025-08-13T08:00:00,2025-08-13T08:00:50.062500
2025-08-13T08:00:37,2,17.5,6.0,,moving,2025-08-13T08:00:00,2025-08-13T08:00:50.139754
2025-08-13T08:00:37,3,1.5,6.0,,moving,2025-08-13T08:00:00,2025-08-13T08:00:50.139754
2025-08-13T08:00:37,5,20.0,8.0,,moving,2025-08-13T08:00:00,2025-08-13T08:00:50.139754
2025-08-13T08:00:37,6,18.0,8.0,,moving,2025-08-13T08:00:00,2025-08-13T08:00:50.176777
2025-08-13T08:00:37,7,21.0,7.0,,moving,2025-08-13T08:00:00,2025-08-13T08:00:50.250000
2025-08-13T08:00:37,8,12.5,9.0,,moving,2025-08-13T08:00:00,2025-08-13T08:00:50.139754
2025-08-13T08:00:38,1,19.5,8.0,,moving,2025-08-13T08:00:00,2025-08-13T08:00:50.062500
2025-08-13T08:00:38,2,17.5,6.0,,moving,2025-08-13T08:00:00,2025-08-13T08:00:50.139754
2025-08-13T08:00:38,3,1.5,6.0,,moving,2025-08-13T08:00:00,2025-08-13T08:00:50.139754
2025-08-13T08:00:38,5,20.0,8.0,,moving,2025-08-13T08:00:00,2025-08-13T08:00:50.139754
2025-08-13T08:00:38,6,18.0,8.0,,moving,2025-08-13T08:00:00,2025-08-13T08:00:50.176777
2025-08-13T08:00:38,7,21.0,7.0,,moving,2025-08-13T08:00:00,2025-08-13T08:00:50.250000
2025-08-13T08:00:38,8,12.5,9.0,,moving,2025-08-13T08:00:00,2025-08-13T08:00:50.139754
2025-08-13T08:00:39,1,19.5,8.0,,moving,2025-08-13T08:00:00,2025-08-13T08:00:50.062500
2025-08-13T08:00:39,2,17.5,6.0,,moving,2025-08-13T08:00:00,2025-08-13T08:00:50.139754
2025-08-13T08:00:39,3,1.5,6.0,,moving,2025-08-13T08:00:00,2025-08-13T08:00:50.139754
2025-08-13T08:00:39,5,20.0,8.0,,moving,2025-08-13T08:00:00,2025-08-13T08:00:50.139754
2025-08-13T08:00:39,6,18.0,8.0,,moving,2025-08-13T08:00:00,2025-08-13T08:00:50.176777
2025-08-13T08:00:39,7,21.0,7.0,,moving,2025-08-13T08:00:00,2025-08-13T08:00:50.250000
2025-08-13T08:00:39,8,12.5,9.0,,moving,2025-08-13T08:00:00,2025-08-13T08:00:50.139754
2025-08-13T08:00:40,1,19.5,8.0,,moving,2025-08-13T08:00:00,2025-08-13T08:00:50.062500
2025-08-13T08:00:40,2,17.5,6.0,,moving,2025-08-13T08:00:00,2025-08-13T08:00:50.139754
2025-08-13T08:00:40,3,1.5,6.0,,moving,2025-08-13T08:00:00,2025-08-13T08:00:50.139754
2025-08-13T08:00:40,5,20.0,8.0,,moving,2025-08-13T08:00:00,2025-08-13T08:00:50.139754
2025-08-13T08:00:40,6,18.0,8.0,,moving,2025-08-13T08:00:00,2025-08-13T08:00:50.176777
2025-08-13T08:00:40,7,21.0,7.0,,moving,2025-08-13T08:00:00,2025-08-13T08:00:50.250000
2025-08-13T08:00:40,8,12.5,9.0,,moving,2025-08-13T08:00:00,2025-08-13T08:00:50.139754
2025-08-13T08:00:41,1,19.5,8.0,,moving,2025-08-13T08:00:00,2025-08-13T08:00:50.062500
2025-08-13T08:00:41,2,17.5,6.0,,moving,2025-08-13T08:00:00,2025-08-13T08:00:50.139754
2025-08-13T08:00:41,3,1.5,6.0,,moving,2025-08-13T08:00:00,2025-08-13T08:00:50.139754
2025-08-13T08:00:41,5,20.0,8.0,,moving,2025-08-13T08:00:00,2025-08-13T08:00:50.139754
2025-08-13T08:00:41,6,18.0,8.0,,moving,2025-08-13T08:00:00,2025-08-13T08:00:50.176777
2025-08-13T08:00:41,7,21.0,7.0,,moving,2025-08-13T08:00:00,2025-08-13T08:00:50.250000
2025-08-13T08:00:41,8,12.5,9.0,,moving,2025-08-13T08:00:00,2025-08-13T08:00:50.139754
2025-08-13T08:00:42,1,19.5,8.0,,moving,2025-08-13T08:00:00,2025-08-13T08:00:50.062500
2025-08-13T08:00:42,2,17.5,6.0,,moving,2025-08-13T08:00:00,2025-08-13T08:00:50.139754
2025-08-13T08:00:42,3,1.5,6.0,,moving,2025-08-13T08:00:00,2025-08-13T08:00:50.139754
2025-08-13T08:00:42,5,20.0,8.0,,moving,2025-08-13T08:00:00,2025-08-13T08:00:50.139754
2025-08-13T08:00:42,6,18.0,8.0,,moving,2025-08-13T08:00:00,2025-08-13T08:00:50.176777
2025-08-13T08:00:42,7,21.0,7.0,,moving,2025-08-13T08:00:00,2025-08-13T08:00:50.250000
2025-08-13T08:00:42,8,12.5,9.0,,moving,2025-08-13T08:00:00,2025-08-13T08:00:50.139754
2025-08-13T08:00:43,1,19.5,8.0,,moving,2025-08-13T08:00:00,2025-08-13T08:00:50.062500
2025-08-13T08:00:43,2,17.5,6.0,,moving,2025-08-13T08:00:00,2025-08-13T08:00:50.139754
2025-08-13T08:00:43,3,1.5,6.0,,moving,2025-08-13T08:00:00,2025-08-13T08:00:50.139754
2025-08-13T08:00:43,5,20.0,8.0,,moving,2025-08-13T08:00:00,2025-08-13T08:00:50.139754
2025-08-13T08:00:43,6,18.0,8.0,,moving,2025-08-13T08:00:00,2025-08-13T08:00:50.176777
2025-08-13T08:00:43,7,21.0,7.0,,moving,2025-08-13T08:00:00,2025-08-13T08:00:50.250000
2025-08-13T08:00:43,8,12.5,9.0,,moving,2025-08-13T08:00:00,2025-08-13T08:00:50.139754
2025-08-13T08:00:44,1,19.5,8.0,,moving,2025-08-13T08:00:00,2025-08-13T08:00:50.062500
2025-08-13T08:00:44,2,17.5,6.0,,moving,2025-08-13T08:00:00,2025-08-13T08:00:50.139754
2025-08-13T08:00:44,3,1.5,6.0,,moving,2025-08-13T08:00:00,2025-08-13T08:00:50.139754
2025-08-13T08:00:44,5,20.0,8.0,,moving,2025-08-13T08:00:00,2025-08-13T08:00:50.139754
2025-08-13T08:00:44,6,18.0,8.0,,moving,2025-08-13T08:00:00,2025-08-13T08:00:50.176777
2025-08-13T08:00:44,7,21.0,7.0,,moving,2025-08-13T08:00:00,2025-08-13T08:00:50.250000
2025-08-13T08:00:44,8,12.5,9.0,,moving,2025-08-13T08:00:00,2025-08-13T08:00:50.139754
2025-08-13T08:00:45,1,19.5,8.0,,moving,2025-08-13T08:00:00,2025-08-13T08:00:50.062500
2025-08-13T08:00:45,2,17.5,6.0,,moving,2025-08-13T08:00:00,2025-08-13T08:00:50.139754
2025-08-13T08:00:45,3,1.5,6.0,,moving,2025-08-13T08:00:00,2025-08-13T08:00:50.139754
2025-08-13T08:00:45,5,20.0,8.0,,moving,2025-08-13T08:00:00,2025-08-13T08:00:50.139754
2025-08-13T08:00:45,6,18.0,8.0,,moving,2025-08-13T08:00:00,2025-08-13T08:00:50.176777
2025-08-13T08:00:45,7,21.0,7.0,,moving,2025-08-13T08:00:00,2025-08-13T08:00:50.250000
2025-08-13T08:00:45,8,12.5,9.0,,moving,2025-08-13T08:00:00,2025-08-13T08:00:50.139754
2025-08-13T08:00:46,1,19.5,8.0,,moving,2025-08-13T08:00:00,2025-08-13T08:00:50.062500
2025-08-13T08:00:46,2,17.5,6.0,,moving,2025-08-13T08:00:00,2025-08-13T08:00:50.139754
2025-08-13T08:00:46,3,1.5,6.0,,moving,2025-08-13T08:00:00,2025-08-13T08:00:50.139754
2025-08-13T08:00:46,5,20.0,8.0,,moving,2025-08-13T08:00:00,2025-08-13T08:00:50.139754
2025-08-13T08:00:46,6,18.0,8.0,,moving,2025-08-13T08:00:00,2025-08-13T08:00:50.176777
2025-08-13T08:00:46,7,21.0,7.0,,moving,2025-08-13T08:00:00,2025-08-13T08:00:50.250000
2025-08-13T08:00:46,8,12.5,9.0,,moving,2025-08-13T08:00:00,2025-08-13T08:00:50.139754
2025-08-13T08:00:47,1,19.5,8.0,,moving,2025-08-13T08:00:00,2025-08-13T08:00:50.062500
2025-08-13T08:00:47,2,17.5,6.0,,moving,2025-08-13T08:00:00,2025-08-13T08:00:50.139754
2025-08-13T08:00:47,3,1.5,6.0,,moving,2025-08-13T08:00:00,2025-08-13T08:00:50.139754
2025-08-13T08:00:47,5,20.0,8.0,,moving,2025-08-13T08:00:00,2025-08-13T08:00:50.139754
2025-08-13T08:00:47,6,18.0,8.0,,moving,2025-08-13T08:00:00,2025-08-13T08:00:50.176777
2025-08-13T08:00:47,7,21.0,7.0,,moving,2025-08-13T08:00:00,2025-08-13T08:00:50.250000
2025-08-13T08:00:47,8,12.5,9.0,,moving,2025-08-13T08:00:00,2025-08-13T08:00:50.139754
2025-08-13T08:00:48,1,19.5,8.0,,moving,2025-08-13T08:00:00,2025-08-13T08:00:50.062500
2025-08-13T08:00:48,2,17.5,6.0,,moving,2025-08-13T08:00:00,2025-08-13T08:00:50.139754
2025-08-13T08:00:48,3,1.5,6.0,,moving,2025-08-13T08:00:00,2025-08-13T08:00:50.139754
2025-08-13T08:00:48,5,20.0,8.0,,moving,2025-08-13T08:00:00,2025-08-13T08:00:50.139754
2025-08-13T08:00:48,6,18.0,8.0,,moving,2025-08-13T08:00:00,2025-08-13T08:00:50.176777
2025-08-13T08:00:48,7,21.0,7.0,,moving,2025-08-13T08:00:00,2025-08-13T08:00:50.250000
2025-08-13T08:00:48,8,12.5,9.0,,moving,2025-08-13T08:00:00,2025-08-13T08:00:50.139754
2025-08-13T08:00:49,1,19.5,8.0,,moving,2025-08-13T08:00:00,2025-08-13T08:00:50.062500
2025-08-13T08:00:49,2,17.5,6.0,,moving,2025-08-13T08:00:00,2025-08-13T08:00:50.139754
2025-08-13T08:00:49,3,1.5,6.0,,moving,2025-08-13T08:00:00,2025-08-13T08:00:50.139754
2025-08-13T08:00:49,5,20.0,8.0,,moving,2025-08-13T08:00:00,2025-08-13T08:00:50.139754
2025-08-13T08:00:49,6,18.0,8.0,,moving,2025-08-13T08:00:00,2025-08-13T08:00:50.176777
2025-08-13T08:00:49,7,21.0,7.0,,moving,2025-08-13T08:00:00,2025-08-13T08:00:50.250000
2025-08-13T08:00:49,8,12.5,9.0,,moving,2025-08-13T08:00:00,2025-08-13T08:00:50.139754
2025-08-13T08:00:50,1,19.5,8.0,,moving,2025-08-13T08:00:00,2025-08-13T08:00:50.062500
2025-08-13T08:00:50,2,17.5,6.0,,moving,2025-08-13T08:00:00,2025-08-13T08:00:50.139754
2025-08-13T08:00:50,3,1.5,6.0,,moving,2025-08-13T08:00:00,2025-08-13T08:00:50.139754
2025-08-13T08:00:50,5,20.0,8.0,,moving,2025-08-13T08:00:00,2025-08-13T08:00:50.139754
2025-08-13T08:00:50,6,18.0,8.0,,moving,2025-08-13T08:00:00,2025-08-13T08:00:50.176777
2025-08-13T08:00:50,7,21.0,7.0,,moving,2025-08-13T08:00:00,2025-08-13T08:00:50.250000
2025-08-13T08:00:50,8,12.5,9.0,,moving,2025-08-13T08:00:00,2025-08-13T08:00:50.139754
2025-08-13T08:00:51,1,19.5,8.0,50,finished,,
2025-08-13T08:00:51,2,17.5,6.0,45,finished,,
2025-08-13T08:00:51,3,1.5,6.0,6,finished,,
2025-08-13T08:00:51,5,20.0,8.0,51,finished,,
2025-08-13T08:00:51,6,18.0,8.0,46,finished,,
2025-08-13T08:00:51,7,20.5,8.0,55,finished,,
2025-08-13T08:00:51,8,7.0,9.0,23,finished,,
2025-08-13T08:00:52,1,19.5,8.0,50,finished,,
2025-08-13T08:00:52,2,17.5,6.0,45,finished,,
2025-08-13T08:00:52,3,1.5,6.0,6,finished,,
2025-08-13T08:00:52,5,20.0,8.0,51,finished,,
2025-08-13T08:00:52,6,18.0,8.0,46,finished,,
2025-08-13T08:00:52,7,20.5,8.0,55,finished,,
2025-08-13T08:00:52,8,7.0,9.0,23,finished,,
2025-08-13T08:00:53,1,19.5,8.0,50,finished,,
2025-08-13T08:00:53,2,17.5,6.0,45,finished,,
2025-08-13T08:00:53,3,1.5,6.0,6,finished,,
2025-08-13T08:00:53,5,20.0,8.0,51,finished,,
2025-08-13T08:00:53,6,18.0,8.0,46,finished,,
2025-08-13T08:00:53,7,20.5,8.0,55,finished,,
2025-08-13T08:00:53,8,7.0,9.0,23,finished,,
2025-08-13T08:00:54,1,19.5,8.0,50,finished,,
2025-08-13T08:00:54,2,17.5,6.0,45,finished,,
2025-08-13T08:00:54,3,1.5,6.0,6,finished,,
2025-08-13T08:00:54,5,20.0,8.0,51,finished,,
2025-08-13T08:00:54,6,18.0,8.0,46,finished,,
2025-08-13T08:00:54,7,20.5,8.0,55,finished,,
2025-08-13T08:00:54,8,7.0,9.0,23,finished,,
2025-08-13T08:00:55,1,19.5,8.0,50,finished,,
2025-08-13T08:00:55,2,17.5,6.0,45,finished,,
2025-08-13T08:00:55,3,1.5,6.0,6,finished,,
2025-08-13T08:00:55,5,20.0,8.0,51,finished,,
2025-08-13T08:00:55,6,18.0,8.0,46,finished,,
2025-08-13T08:00:55,7,20.5,8.0,55,finished,,
2025-08-13T08:00:55,8,7.0,9.0,23,finished,,
2025-08-13T08:00:56,1,19.5,8.0,50,finished,,
2025-08-13T08:00:56,2,17.5,6.0,45,finished,,
2025-08-13T08:00:56,3,1.5,6.0,6,finished,,
2025-08-13T08:00:56,5,20.0,8.0,51,finished,,
2025-08-13T08:00:56,6,18.0,8.0,46,finished,,
2025-08-13T08:00:56,7,20.5,8.0,55,finished,,
2025-08-13T08:00:56,8,7.0,9.0,23,finished,,
2025-08-13T08:00:57,1,19.5,8.0,50,finished,,
2025-08-13T08:00:57,2,17.5,6.0,45,finished,,
2025-08-13T08:00:57,3,1.5,6.0,6,finished,,
2025-08-13T08:00:57,5,20.0,8.0,51,finished,,
2025-08-13T08:00:57,6,18.0,8.0,46,finished,,
2025-08-13T08:00:57,7,20.5,8.0,55,finished,,
2025-08-13T08:00:57,8,7.0,9.0,23,finished,,
2025-08-13T08:00:58,1,19.5,8.0,50,finished,,
2025-08-13T08:00:58,2,17.5,6.0,45,finished,,
2025-08-13T08:00:58,3,1.5,6.0,6,finished,,
2025-08-13T08:00:58,5,20.0,8.0,51,finished,,
2025-08-13T08:00:58,6,18.0,8.0,46,finished,,
2025-08-13T08:00:58,7,20.5,8.0,55,finished,,
2025-08-13T08:00:58,8,7.0,9.0,23,finished,,
2025-08-13T08:00:59,1,19.5,8.0,50,finished,,
2025-08-13T08:00:59,2,17.5,6.0,45,finished,,
2025-08-13T08:00:59,3,1.5,6.0,6,finished,,
2025-08-13T08:00:59,5,20.0,8.0,51,finished,,
2025-08-13T08:00:59,6,18.0,8.0,46,finished,,
2025-08-13T08:00:59,7,20.5,8.0,55,finished,,
2025-08-13T08:00:59,8,7.0,9.0,23,finished,,
2025-08-13T08:01:00,1,19.5,8.0,50,finished,,
2025-08-13T08:01:00,2,17.5,6.0,45,finished,,
2025-08-13T08:01:00,3,1.5,6.0,6,finished,,
2025-08-13T08:01:00,4,17.5,6.0,,moving,2025-08-13T08:01:00,2025-08-13T08:01:50.139754
2025-08-13T08:01:00,5,20.0,8.0,51,finished,,
2025-08-13T08:01:00,6,18.0,8.0,46,finished,,
2025-08-13T08:01:00,7,20.5,8.0,55,finished,,
2025-08-13T08:01:00,8,7.0,9.0,23,finished,,
2025-08-13T08:01:01,1,19.5,8.0,50,finished,,
2025-08-13T08:01:01,2,17.5,6.0,45,finished,,
2025-08-13T08:01:01,3,1.5,6.0,6,finished,,
2025-08-13T08:01:01,4,17.0,5.0,,moving,2025-08-13T08:01:00,2025-08-13T08:01:50.139754
2025-08-13T08:01:01,5,20.0,8.0,51,finished,,
2025-08-13T08:01:01,6,18.0,8.0,46,finished,,
2025-08-13T08:01:01,7,20.5,8.0,55,finished,,
2025-08-13T08:01:01,8,7.0,9.0,23,finished,,
2025-08-13T08:01:02,1,19.5,8.0,50,finished,,
2025-08-13T08:01:02,2,17.5,6.0,45,finished,,
2025-08-13T08:01:02,3,1.5,6.0,6,finished,,
2025-08-13T08:01:02,4,17.0,5.0,,moving,2025-08-13T08:01:00,2025-08-13T08:01:50.139754
2025-08-13T08:01:02,5,20.0,8.0,51,finished,,
2025-08-13T08:01:02,6,18.0,8.0,46,finished,,
2025-08-13T08:01:02,7,20.5,8.0,55,finished,,
2025-08-13T08:01:02,8,7.0,9.0,23,finished,,
2025-08-13T08:01:03,1,19.5,8.0,50,finished,,
2025-08-13T08:01:03,2,17.5,6.0,45,finished,,
2025-08-13T08:01:03,3,1.5,6.0,6,finished,,
2025-08-13T08:01:03,4,17.0,5.0,,moving,2025-08-13T08:01:00,2025-08-13T08:01:50.139754
2025-08-13T08:01:03,5,20.0,8.0,51,finished,,
2025-08-13T08:01:03,6,18.0,8.0,46,finished,,
2025-08-13T08:01:03,7,20.5,8.0,55,finished,,
2025-08-13T08:01:03,8,7.0,9.0,23,finished,,
2025-08-13T08:01:04,1,19.5,8.0,50,finished,,
2025-08-13T08:01:04,2,17.5,6.0,45,finished,,
2025-08-13T08:01:04,3,1.5,6.0,6,finished,,
2025-08-13T08:01:04,4,17.0,5.0,,moving,2025-08-13T08:01:00,2025-08-13T08:01:50.139754
2025-08-13T08:01:04,5,20.0,8.0,51,finished,,
2025-08-13T08:01:04,6,18.0,8.0,46,finished,,
2025-08-13T08:01:04,7,20.5,8.0,55,finished,,
2025-08-13T08:01:04,8,7.0,9.0,23,finished,,
2025-08-13T08:01:05,1,19.5,8.0,50,finished,,
2025-08-13T08:01:05,2,17.5,6.0,45,finished,,
2025-08-13T08:01:05,3,1.5,6.0,6,finished,,
2025-08-13T08:01:05,4,17.0,5.0,,moving,2025-08-13T08:01:00,2025-08-13T08:01:50.139754
2025-08-13T08:01:05,5,20.0,8.0,51,finished,,
2025-08-13T08:01:05,6,18.0,8.0,46,finished,,
2025-08-13T08:01:05,7,20.5,8.0,55,finished,,
2025-08-13T08:01:05,8,7.0,9.0,23,finished,,
2025-08-13T08:01:06,1,19.5,8.0,50,finished,,
2025-08-13T08:01:06,2,17.5,6.0,45,finished,,
2025-08-13T08:01:06,3,1.5,6.0,6,finished,,
2025-08-13T08:01:06,4,17.0,5.0,,moving,2025-08-13T08:01:00,2025-08-13T08:01:50.139754
2025-08-13T08:01:06,5,20.0,8.0,51,finished,,
2025-08-13T08:01:06,6,18.0,8.0,46,finished,,
2025-08-13T08:01:06,7,20.5,8.0,55,finished,,
2025-08-13T08:01:06,8,7.0,9.0,23,finished,,
2025-08-13T08:01:07,1,19.5,8.0,50,finished,,
2025-08-13T08:01:07,2,17.5,6.0,45,finished,,
2025-08-13T08:01:07,3,1.5,6.0,6,finished,,
2025-08-13T08:01:07,4,17.0,5.0,,moving,2025-08-13T08:01:00,2025-08-13T08:01:50.139754
2025-08-13T08:01:07,5,20.0,8.0,51,finished,,
2025-08-13T08:01:07,6,18.0,8.0,46,finished,,
2025-08-13T08:01:07,7,20.5,8.0,55,finished,,
2025-08-13T08:01:07,8,7.0,9.0,23,finished,,
2025-08-13T08:01:08,1,19.5,8.0,50,finished,,
2025-08-13T08:01:08,2,17.5,6.0,45,finished,,
2025-08-13T08:01:08,3,1.5,6.0,6,finished,,
2025-08-13T08:01:08,4,17.0,5.0,,moving,2025-08-13T08:01:00,2025-08-13T08:01:50.139754
2025-08-13T08:01:08,5,20.0,8.0,51,finished,,
2025-08-13T08:01:08,6,18.0,8.0,46,finished,,
2025-08-13T08:01:08,7,20.5,8.0,55,finished,,
2025-08-13T08:01:08,8,7.0,9.0,23,finished,,
2025-08-13T08:01:09,1,19.5,8.0,50,finished,,
2025-08-13T08:01:09,2,17.5,6.0,45,finished,,
2025-08-13T08:01:09,3,1.5,6.0,6,finished,,
2025-08-13T08:01:09,4,17.0,5.0,,moving,2025-08-13T08:01:00,2025-08-13T08:01:50.139754
2025-08-13T08:01:09,5,20.0,8.0,51,finished,,
2025-08-13T08:01:09,6,18.0,8.0,46,finished,,
2025-08-13T08:01:09,7,20.5,8.0,55,finished,,
2025-08-13T08:01:09,8,7.0,9.0,23,finished,,
2025-08-13T08:01:10,1,19.5,8.0,50,finished,,
2025-08-13T08:01:10,2,17.5,6.0,45,finished,,
2025-08-13T08:01:10,3,1.5,6.0,6,finished,,
2025-08-13T08:01:10,4,17.0,5.0,,moving,2025-08-13T08:01:00,2025-08-13T08:01:50.139754
2025-08-13T08:01:10,5,20.0,8.0,51,finished,,
2025-08-13T08:01:10,6,18.0,8.0,46,finished,,
2025-08-13T08:01:10,7,20.5,8.0,55,finished,,
2025-08-13T08:01:10,8,7.0,9.0,23,finished,,
2025-08-13T08:01:11,1,19.5,8.0,50,finished,,
2025-08-13T08:01:11,2,17.5,6.0,45,finished,,
2025-08-13T08:01:11,3,1.5,6.0,6,finished,,
2025-08-13T08:01:11,4,17.0,5.0,,moving,2025-08-13T08:01:00,2025-08-13T08:01:50.139754
2025-08-13T08:01:11,5,20.0,8.0,51,finished,,
2025-08-13T08:01:11,6,18.0,8.0,46,finished,,
2025-08-13T08:01:11,7,20.5,8.0,55,finished,,
2025-08-13T08:01:11,8,7.0,9.0,23,finished,,
2025-08-13T08:01:12,1,19.5,8.0,50,finished,,
2025-08-13T08:01:12,2,17.5,6.0,45,finished,,
2025-08-13T08:01:12,3,1.5,6.0,6,finished,,
2025-08-13T08:01:12,4,17.0,5.0,,moving,2025-08-13T08:01:00,2025-08-13T08:01:50.139754
2025-08-13T08:01:12,5,20.0,8.0,51,finished,,
2025-08-13T08:01:12,6,18.0,8.0,46,finished,,
2025-08-13T08:01:12,7,20.5,8.0,55,finished,,
2025-08-13T08:01:12,8,7.0,9.0,23,finished,,
2025-08-13T08:01:13,1,19.5,8.0,50,finished,,
2025-08-13T08:01:13,2,17.5,6.0,45,finished,,
2025-08-13T08:01:13,3,1.5,6.0,6,finished,,
2025-08-13T08:01:13,4,17.0,5.0,,moving,2025-08-13T08:01:00,2025-08-13T08:01:50.139754
2025-08-13T08:01:13,5,20.0,8.0,51,finished,,
2025-08-13T08:01:13,6,18.0,8.0,46,finished,,
2025-08-13T08:01:13,7,20.5,8.0,55,finished,,
2025-08-13T08:01:13,8,7.0,9.0,23,finished,,
2025-08-13T08:01:14,1,19.5,8.0,50,finished,,
2025-08-13T08:01:14,2,17.5,6.0,45,finished,,
2025-08-13T08:01:14,3,1.5,6.0,6,finished,,
2025-08-13T08:01:14,4,17.0,5.0,,moving,2025-08-13T08:01:00,2025-08-13T08:01:50.139754
2025-08-13T08:01:14,5,20.0,8.0,51,finished,,
2025-08-13T08:01:14,6,18.0,8.0,46,finished,,
2025-08-13T08:01:14,7,20.5,8.0,55,finished,,
2025-08-13T08:01:14,8,7.0,9.0,23,finished,,
2025-08-13T08:01:15,1,19.5,8.0,50,finished,,
2025-08-13T08:01:15,2,17.5,6.0,45,finished,,
2025-08-13T08:01:15,3,1.5,6.0,6,finished,,
2025-08-13T08:01:15,4,17.0,5.0,,moving,2025-08-13T08:01:00,2025-08-13T08:01:50.139754
2025-08-13T08:01:15,5,20.0,8.0,51,finished,,
2025-08-13T08:01:15,6,18.0,8.0,46,finished,,
2025-08-13T08:01:15,7,20.5,8.0,55,finished,,
2025-08-13T08:01:15,8,7.0,9.0,23,finished,,
2025-08-13T08:01:16,1,19.5,8.0,50,finished,,
2025-08-13T08:01:16,2,17.5,6.0,45,finished,,
2025-08-13T08:01:16,3,1.5,6.0,6,finished,,
2025-08-13T08:01:16,4,17.0,5.0,,moving,2025-08-13T08:01:00,2025-08-13T08:01:50.139754
2025-08-13T08:01:16,5,20.0,8.0,51,finished,,
2025-08-13T08:01:16,6,18.0,8.0,46,finished,,
2025-08-13T08:01:16,7,20.5,8.0,55,finished,,
2025-08-13T08:01:16,8,7.0,9.0,23,finished,,
2025-08-13T08:01:17,1,19.5,8.0,50,finished,,
2025-08-13T08:01:17,2,17.5,6.0,45,finished,,
2025-08-13T08:01:17,3,1.5,6.0,6,finished,,
2025-08-13T08:01:17,4,17.0,5.0,,moving,2025-08-13T08:01:00,2025-08-13T08:01:50.139754
2025-08-13T08:01:17,5,20.0,8.0,51,finished,,
2025-08-13T08:01:17,6,18.0,8.0,46,finished,,
2025-08-13T08:01:17,7,20.5,8.0,55,finished,,
2025-08-13T08:01:17,8,7.0,9.0,23,finished,,
2025-08-13T08:01:18,1,19.5,8.0,50,finished,,
2025-08-13T08:01:18,2,17.5,6.0,45,finished,,
2025-08-13T08:01:18,3,1.5,6.0,6,finished,,
2025-08-13T08:01:18,4,17.0,5.0,,moving,2025-08-13T08:01:00,2025-08-13T08:01:50.139754
2025-08-13T08:01:18,5,20.0,8.0,51,finished,,
2025-08-13T08:01:18,6,18.0,8.0,46,finished,,
2025-08-13T08:01:18,7,20.5,8.0,55,finished,,
2025-08-13T08:01:18,8,7.0,9.0,23,finished,,
2025-08-13T08:01:19,1,19.5,8.0,50,finished,,
2025-08-13T08:01:19,2,17.5,6.0,45,finished,,
2025-08-13T08:01:19,3,1.5,6.0,6,finished,,
2025-08-13T08:01:19,4,17.0,5.0,,moving,2025-08-13T08:01:00,2025-08-13T08:01:50.139754
2025-08-13T08:01:19,5,20.0,8.0,51,finished,,
2025-08-13T08:01:19,6,18.0,8.0,46,finished,,
2025-08-13T08:01:19,7,20.5,8.0,55,finished,,
2025-08-13T08:01:19,8,7.0,9.0,23,finished,,
2025-08-13T08:01:20,1,19.5,8.0,50,finished,,
2025-08-13T08:01:20,2,17.5,6.0,45,finished,,
2025-08-13T08:01:20,3,1.5,6.0,6,finished,,
2025-08-13T08:01:20,4,17.0,5.0,,moving,2025-08-13T08:01:00,2025-08-13T08:01:50.139754
2025-08-13T08:01:20,5,20.0,8.0,51,finished,,
2025-08-13T08:01:20,6,18.0,8.0,46,finished,,
2025-08-13T08:01:20,7,20.5,8.0,55,finished,,
2025-08-13T08:01:20,8,7.0,9.0,23,finished,,
2025-08-13T08:01:21,1,19.5,8.0,50,finished,,
2025-08-13T08:01:21,2,17.5,6.0,45,finished,,
2025-08-13T08:01:21,3,1.5,6.0,6,finished,,
2025-08-13T08:01:21,4,17.0,5.0,,moving,2025-08-13T08:01:00,2025-08-13T08:01:50.139754
2025-08-13T08:01:21,5,20.0,8.0,51,finished,,
2025-08-13T08:01:21,6,18.0,8.0,46,finished,,
2025-08-13T08:01:21,7,20.5,8.0,55,finished,,
2025-08-13T08:01:21,8,7.0,9.0,23,finished,,
2025-08-13T08:01:22,1,19.5,8.0,50,finished,,
2025-08-13T08:01:22,2,17.5,6.0,45,finished,,
2025-08-13T08:01:22,3,1.5,6.0,6,finished,,
2025-08-13T08:01:22,4,17.0,5.0,,moving,2025-08-13T08:01:00,2025-08-13T08:01:50.139754
2025-08-13T08:01:22,5,20.0,8.0,51,finished,,
2025-08-13T08:01:22,6,18.0,8.0,46,finished,,
2025-08-13T08:01:22,7,20.5,8.0,55,finished,,
2025-08-13T08:01:22,8,7.0,9.0,23,finished,,
2025-08-13T08:01:23,1,19.5,8.0,50,finished,,
2025-08-13T08:01:23,2,17.5,6.0,45,finished,,
2025-08-13T08:01:23,3,1.5,6.0,6,finished,,
2025-08-13T08:01:23,4,17.0,5.0,,moving,2025-08-13T08:01:00,2025-08-13T08:01:50.139754
2025-08-13T08:01:23,5,20.0,8.0,51,finished,,
2025-08-13T08:01:23,6,18.0,8.0,46,finished,,
2025-08-13T08:01:23,7,20.5,8.0,55,finished,,
2025-08-13T08:01:23,8,7.0,9.0,23,finished,,
2025-08-13T08:01:24,1,19.5,8.0,50,finished,,
2025-08-13T08:01:24,2,17.5,6.0,45,finished,,
2025-08-13T08:01:24,3,1.5,6.0,6,finished,,
2025-08-13T08:01:24,4,17.0,5.0,,moving,2025-08-13T08:01:00,2025-08-13T08:01:50.139754
2025-08-13T08:01:24,5,20.0,8.0,51,finished,,
2025-08-13T08:01:24,6,18.0,8.0,46,finished,,
2025-08-13T08:01:24,7,20.5,8.0,55,finished,,
2025-08-13T08:01:24,8,7.0,9.0,23,finished,,
2025-08-13T08:01:25,1,19.5,8.0,50,finished,,
2025-08-13T08:01:25,2,17.5,6.0,45,finished,,
2025-08-13T08:01:25,3,1.5,6.0,6,finished,,
2025-08-13T08:01:25,4,17.0,5.0,,moving,2025-08-13T08:01:00,2025-08-13T08:01:50.139754
2025-08-13T08:01:25,5,20.0,8.0,51,finished,,
2025-08-13T08:01:25,6,18.0,8.0,46,finished,,
2025-08-13T08:01:25,7,20.5,8.0,55,finished,,
2025-08-13T08:01:25,8,7.0,9.0,23,finished,,
2025-08-13T08:01:26,1,19.5,8.0,50,finished,,
2025-08-13T08:01:26,2,17.5,6.0,45,finished,,
2025-08-13T08:01:26,3,1.5,6.0,6,finished,,
2025-08-13T08:01:26,4,17.0,5.0,,moving,2025-08-13T08:01:00,2025-08-13T08:01:50.139754
2025-08-13T08:01:26,5,20.0,8.0,51,finished,,
2025-08-13T08:01:26,6,18.0,8.0,46,finished,,
2025-08-13T08:01:26,7,20.5,8.0,55,finished,,
2025-08-13T08:01:26,8,7.0,9.0,23,finished,,
2025-08-13T08:01:27,1,19.5,8.0,50,finished,,
2025-08-13T08:01:27,2,17.5,6.0,45,finished,,
2025-08-13T08:01:27,3,1.5,6.0,6,finished,,
2025-08-13T08:01:27,4,17.0,5.0,,moving,2025-08-13T08:01:00,2025-08-13T08:01:50.139754
2025-08-13T08:01:27,5,20.0,8.0,51,finished,,
2025-08-13T08:01:27,6,18.0,8.0,46,finished,,
2025-08-13T08:01:27,7,20.5,8.0,55,finished,,
2025-08-13T08:01:27,8,7.0,9.0,23,finished,,
2025-08-13T08:01:28,1,19.5,8.0,50,finished,,
2025-08-13T08:01:28,2,17.5,6.0,45,finished,,
2025-08-13T08:01:28,3,1.5,6.0,6,finished,,
2025-08-13T08:01:28,4,17.0,5.0,,moving,2025-08-13T08:01:00,2025-08-13T08:01:50.139754
2025-08-13T08:01:28,5,20.0,8.0,51,finished,,
2025-08-13T08:01:28,6,18.0,8.0,46,finished,,
2025-08-13T08:01:28,7,20.5,8.0,55,finished,,
2025-08-13T08:01:28,8,7.0,9.0,23,finished,,
2025-08-13T08:01:29,1,19.5,8.0,50,finished,,
2025-08-13T08:01:29,2,17.5,6.0,45,finished,,
2025-08-13T08:01:29,3,1.5,6.0,6,finished,,
2025-08-13T08:01:29,4,17.0,5.0,,moving,2025-08-13T08:01:00,2025-08-13T08:01:50.139754
2025-08-13T08:01:29,5,20.0,8.0,51,finished,,
2025-08-13T08:01:29,6,18.0,8.0,46,finished,,
2025-08-13T08:01:29,7,20.5,8.0,55,finished,,
2025-08-13T08:01:29,8,7.0,9.0,23,finished,,
2025-08-13T08:01:30,1,19.5,8.0,50,finished,,
2025-08-13T08:01:30,2,17.5,6.0,45,finished,,
2025-08-13T08:01:30,3,1.5,6.0,6,finished,,
2025-08-13T08:01:30,4,17.0,5.0,,moving,2025-08-13T08:01:00,2025-08-13T08:01:50.139754
2025-08-13T08:01:30,5,20.0,8.0,51,finished,,
2025-08-13T08:01:30,6,18.0,8.0,46,finished,,
2025-08-13T08:01:30,7,20.5,8.0,55,finished,,
2025-08-13T08:01:30,8,7.0,9.0,23,finished,,
2025-08-13T08:01:31,1,19.5,8.0,50,finished,,
2025-08-13T08:01:31,2,17.5,6.0,45,finished,,
2025-08-13T08:01:31,3,1.5,6.0,6,finished,,
2025-08-13T08:01:31,4,17.0,5.0,,moving,2025-08-13T08:01:00,2025-08-13T08:01:50.139754
2025-08-13T08:01:31,5,20.0,8.0,51,finished,,
2025-08-13T08:01:31,6,18.0,8.0,46,finished,,
2025-08-13T08:01:31,7,20.5,8.0,55,finished,,
2025-08-13T08:01:31,8,7.0,9.0,23,finished,,
2025-08-13T08:01:32,1,19.5,8.0,50,finished,,
2025-08-13T08:01:32,2,17.5,6.0,45,finished,,
2025-08-13T08:01:32,3,1.5,6.0,6,finished,,
2025-08-13T08:01:32,4,17.0,5.0,,moving,2025-08-13T08:01:00,2025-08-13T08:01:50.139754
2025-08-13T08:01:32,5,20.0,8.0,51,finished,,
2025-08-13T08:01:32,6,18.0,8.0,46,finished,,
2025-08-13T08:01:32,7,20.5,8.0,55,finished,,
2025-08-13T08:01:32,8,7.0,9.0,23,finished,,
2025-08-13T08:01:33,1,19.5,8.0,50,finished,,
2025-08-13T08:01:33,2,17.5,6.0,45,finished,,
2025-08-13T08:01:33,3,1.5,6.0,6,finished,,
2025-08-13T08:01:33,4,17.0,5.0,,moving,2025-08-13T08:01:00,2025-08-13T08:01:50.139754
2025-08-13T08:01:33,5,20.0,8.0,51,finished,,
2025-08-13T08:01:33,6,18.0,8.0,46,finished,,
2025-08-13T08:01:33,7,20.5,8.0,55,finished,,
2025-08-13T08:01:33,8,7.0,9.0,23,finished,,
2025-08-13T08:01:34,1,19.5,8.0,50,finished,,
2025-08-13T08:01:34,2,17.5,6.0,45,finished,,
2025-08-13T08:01:34,3,1.5,6.0,6,finished,,
2025-08-13T08:01:34,4,17.0,5.0,,moving,2025-08-13T08:01:00,2025-08-13T08:01:50.139754
2025-08-13T08:01:34,5,20.0,8.0,51,finished,,
2025-08-13T08:01:34,6,18.0,8.0,46,finished,,
2025-08-13T08:01:34,7,20.5,8.0,55,finished,,
2025-08-13T08:01:34,8,7.0,9.0,23,finished,,
2025-08-13T08:01:35,1,19.5,8.0,50,finished,,
2025-08-13T08:01:35,2,17.5,6.0,45,finished,,
2025-08-13T08:01:35,3,1.5,6.0,6,finished,,
2025-08-13T08:01:35,4,17.0,5.0,,moving,2025-08-13T08:01:00,2025-08-13T08:01:50.139754
2025-08-13T08:01:35,5,20.0,8.0,51,finished,,
2025-08-13T08:01:35,6,18.0,8.0,46,finished,,
2025-08-13T08:01:35,7,20.5,8.0,55,finished,,
2025-08-13T08:01:35,8,7.0,9.0,23,finished,,
2025-08-13T08:01:36,1,19.5,8.0,50,finished,,
2025-08-13T08:01:36,2,17.5,6.0,45,finished,,
2025-08-13T08:01:36,3,1.5,6.0,6,finished,,
2025-08-13T08:01:36,4,17.0,5.0,,moving,2025-08-13T08:01:00,2025-08-13T08:01:50.139754
2025-08-13T08:01:36,5,20.0,8.0,51,finished,,
2025-08-13T08:01:36,6,18.0,8.0,46,finished,,
2025-08-13T08:01:36,7,20.5,8.0,55,finished,,
2025-08-13T08:01:36,8,7.0,9.0,23,finished,,
2025-08-13T08:01:37,1,19.5,8.0,50,finished,,
2025-08-13T08:01:37,2,17.5,6.0,45,finished,,
2025-08-13T08:01:37,3,1.5,6.0,6,finished,,
2025-08-13T08:01:37,4,17.0,5.0,,moving,2025-08-13T08:01:00,2025-08-13T08:01:50.139754
2025-08-13T08:01:37,5,20.0,8.0,51,finished,,
2025-08-13T08:01:37,6,18.0,8.0,46,finished,,
2025-08-13T08:01:37,7,20.5,8.0,55,finished,,
2025-08-13T08:01:37,8,7.0,9.0,23,finished,,
2025-08-13T08:01:38,1,19.5,8.0,50,finished,,
2025-08-13T08:01:38,2,17.5,6.0,45,finished,,
2025-08-13T08:01:38,3,1.5,6.0,6,finished,,
2025-08-13T08:01:38,4,17.0,5.0,,moving,2025-08-13T08:01:00,2025-08-13T08:01:50.139754
2025-08-13T08:01:38,5,20.0,8.0,51,finished,,
2025-08-13T08:01:38,6,18.0,8.0,46,finished,,
2025-08-13T08:01:38,7,20.5,8.0,55,finished,,
2025-08-13T08:01:38,8,7.0,9.0,23,finished,,
2025-08-13T08:01:39,1,19.5,8.0,50,finished,,
2025-08-13T08:01:39,2,17.5,6.0,45,finished,,
2025-08-13T08:01:39,3,1.5,6.0,6,finished,,
2025-08-13T08:01:39,4,17.0,5.0,,moving,2025-08-13T08:01:00,2025-08-13T08:01:50.139754
2025-08-13T08:01:39,5,20.0,8.0,51,finished,,
2025-08-13T08:01:39,6,18.0,8.0,46,finished,,
2025-08-13T08:01:39,7,20.5,8.0,55,finished,,
2025-08-13T08:01:39,8,7.0,9.0,23,finished,,
2025-08-13T08:01:40,1,19.5,8.0,50,finished,,
2025-08-13T08:01:40,2,17.5,6.0,45,finished,,
2025-08-13T08:01:40,3,1.5,6.0,6,finished,,
2025-08-13T08:01:40,4,17.0,5.0,,moving,2025-08-13T08:01:00,2025-08-13T08:01:50.139754
2025-08-13T08:01:40,5,20.0,8.0,51,finished,,
2025-08-13T08:01:40,6,18.0,8.0,46,finished,,
2025-08-13T08:01:40,7,20.5,8.0,55,finished,,
2025-08-13T08:01:40,8,7.0,9.0,23,finished,,
2025-08-13T08:01:41,1,19.5,8.0,50,finished,,
2025-08-13T08:01:41,2,17.5,6.0,45,finished,,
2025-08-13T08:01:41,3,1.5,6.0,6,finished,,
2025-08-13T08:01:41,4,17.0,5.0,,moving,2025-08-13T08:01:00,2025-08-13T08:01:50.139754
2025-08-13T08:01:41,5,20.0,8.0,51,finished,,
2025-08-13T08:01:41,6,18.0,8.0,46,finished,,
2025-08-13T08:01:41,7,20.5,8.0,55,finished,,
2025-08-13T08:01:41,8,7.0,9.0,23,finished,,
2025-08-13T08:01:42,1,19.5,8.0,50,finished,,
2025-08-13T08:01:42,2,17.5,6.0,45,finished,,
2025-08-13T08:01:42,3,1.5,6.0,6,finished,,
2025-08-13T08:01:42,4,17.0,5.0,,moving,2025-08-13T08:01:00,2025-08-13T08:01:50.139754
2025-08-13T08:01:42,5,20.0,8.0,51,finished,,
2025-08-13T08:01:42,6,18.0,8.0,46,finished,,
2025-08-13T08:01:42,7,20.5,8.0,55,finished,,
2025-08-13T08:01:42,8,7.0,9.0,23,finished,,
2025-08-13T08:01:43,1,19.5,8.0,50,finished,,
2025-08-13T08:01:43,2,17.5,6.0,45,finished,,
2025-08-13T08:01:43,3,1.5,6.0,6,finished,,
2025-08-13T08:01:43,4,17.0,5.0,,moving,2025-08-13T08:01:00,2025-08-13T08:01:50.139754
2025-08-13T08:01:43,5,20.0,8.0,51,finished,,
2025-08-13T08:01:43,6,18.0,8.0,46,finished,,
2025-08-13T08:01:43,7,20.5,8.0,55,finished,,
2025-08-13T08:01:43,8,7.0,9.0,23,finished,,
2025-08-13T08:01:44,1,19.5,8.0,50,finished,,
2025-08-13T08:01:44,2,17.5,6.0,45,finished,,
2025-08-13T08:01:44,3,1.5,6.0,6,finished,,
2025-08-13T08:01:44,4,17.0,5.0,,moving,2025-08-13T08:01:00,2025-08-13T08:01:50.139754
2025-08-13T08:01:44,5,20.0,8.0,51,finished,,
2025-08-13T08:01:44,6,18.0,8.0,46,finished,,
2025-08-13T08:01:44,7,20.5,8.0,55,finished,,
2025-08-13T08:01:44,8,7.0,9.0,23,finished,,
2025-08-13T08:01:45,1,19.5,8.0,50,finished,,
2025-08-13T08:01:45,2,17.5,6.0,45,finished,,
2025-08-13T08:01:45,3,1.5,6.0,6,finished,,
2025-08-13T08:01:45,4,17.0,5.0,,moving,2025-08-13T08:01:00,2025-08-13T08:01:50.139754
2025-08-13T08:01:45,5,20.0,8.0,51,finished,,
2025-08-13T08:01:45,6,18.0,8.0,46,finished,,
2025-08-13T08:01:45,7,20.5,8.0,55,finished,,
2025-08-13T08:01:45,8,7.0,9.0,23,finished,,
2025-08-13T08:01:46,1,19.5,8.0,50,finished,,
2025-08-13T08:01:46,2,17.5,6.0,45,finished,,
2025-08-13T08:01:46,3,1.5,6.0,6,finished,,
2025-08-13T08:01:46,4,17.0,5.0,,moving,2025-08-13T08:01:00,2025-08-13T08:01:50.139754
2025-08-13T08:01:46,5,20.0,8.0,51,finished,,
2025-08-13T08:01:46,6,18.0,8.0,46,finished,,
2025-08-13T08:01:46,7,20.5,8.0,55,finished,,
2025-08-13T08:01:46,8,7.0,9.0,23,finished,,
2025-08-13T08:01:47,1,19.5,8.0,50,finished,,
2025-08-13T08:01:47,2,17.5,6.0,45,finished,,
2025-08-13T08:01:47,3,1.5,6.0,6,finished,,
2025-08-13T08:01:47,4,17.0,5.0,,moving,2025-08-13T08:01:00,2025-08-13T08:01:50.139754
2025-08-13T08:01:47,5,20.0,8.0,51,finished,,
2025-08-13T08:01:47,6,18.0,8.0,46,finished,,
2025-08-13T08:01:47,7,20.5,8.0,55,finished,,
2025-08-13T08:01:47,8,7.0,9.0,23,finished,,
2025-08-13T08:01:48,1,19.5,8.0,50,finished,,
2025-08-13T08:01:48,2,17.5,6.0,45,finished,,
2025-08-13T08:01:48,3,1.5,6.0,6,finished,,
2025-08-13T08:01:48,4,17.0,5.0,,moving,2025-08-13T08:01:00,2025-08-13T08:01:50.139754
2025-08-13T08:01:48,5,20.0,8.0,51,finished,,
2025-08-13T08:01:48,6,18.0,8.0,46,finished,,
2025-08-13T08:01:48,7,20.5,8.0,55,finished,,
2025-08-13T08:01:48,8,7.0,9.0,23,finished,,
2025-08-13T08:01:49,1,19.5,8.0,50,finished,,
2025-08-13T08:01:49,2,17.5,6.0,45,finished,,
2025-08-13T08:01:49,3,1.5,6.0,6,finished,,
2025-08-13T08:01:49,4,17.0,5.0,,moving,2025-08-13T08:01:00,2025-08-13T08:01:50.139754
2025-08-13T08:01:49,5,20.0,8.0,51,finished,,
2025-08-13T08:01:49,6,18.0,8.0,46,finished,,
2025-08-13T08:01:49,7,20.5,8.0,55,finished,,
2025-08-13T08:01:49,8,7.0,9.0,23,finished,,
2025-08-13T08:01:50,1,19.5,8.0,50,finished,,
2025-08-13T08:01:50,2,17.5,6.0,45,finished,,
2025-08-13T08:01:50,3,1.5,6.0,6,finished,,
2025-08-13T08:01:50,4,17.0,5.0,,moving,2025-08-13T08:01:00,2025-08-13T08:01:50.139754
2025-08-13T08:01:50,5,20.0,8.0,51,finished,,
2025-08-13T08:01:50,6,18.0,8.0,46,finished,,
2025-08-13T08:01:50,7,20.5,8.0,55,finished,,
2025-08-13T08:01:50,8,7.0,9.0,23,finished,,
2025-08-13T08:01:51,1,19.5,8.0,50,finished,,
2025-08-13T08:01:51,2,17.5,6.0,45,finished,,
2025-08-13T08:01:51,3,1.5,6.0,6,finished,,
2025-08-13T08:01:51,4,17.0,5.0,44,finished,,
2025-08-13T08:01:51,5,20.0,8.0,51,finished,,
2025-08-13T08:01:51,6,18.0,8.0,46,finished,,
2025-08-13T08:01:51,7,20.5,8.0,55,finished,,
2025-08-13T08:01:51,8,7.0,9.0,23,finished,,
2025-08-13T08:01:52,1,19.5,8.0,50,finished,,
2025-08-13T08:01:52,2,17.5,6.0,45,finished,,
2025-08-13T08:01:52,3,1.5,6.0,6,finished,,
2025-08-13T08:01:52,4,17.0,5.0,44,finished,,
2025-08-13T08:01:52,5,20.0,8.0,51,finished,,
2025-08-13T08:01:52,6,18.0,8.0,46,finished,,
2025-08-13T08:01:52,7,20.5,8.0,55,finished,,
2025-08-13T08:01:52,8,7.0,9.0,23,finished,,
2025-08-13T08:01:53,1,19.5,8.0,50,finished,,
2025-08-13T08:01:53,2,17.5,6.0,45,finished,,
2025-08-13T08:01:53,3,1.5,6.0,6,finished,,
2025-08-13T08:01:53,4,17.0,5.0,44,finished,,
2025-08-13T08:01:53,5,20.0,8.0,51,finished,,
2025-08-13T08:01:53,6,18.0,8.0,46,finished,,
2025-08-13T08:01:53,7,20.5,8.0,55,finished,,
2025-08-13T08:01:53,8,7.0,9.0,23,finished,,
2025-08-13T08:01:54,1,19.5,8.0,50,finished,,
2025-08-13T08:01:54,2,17.5,6.0,45,finished,,
2025-08-13T08:01:54,3,1.5,6.0,6,finished,,
2025-08-13T08:01:54,4,17.0,5.0,44,finished,,
2025-08-13T08:01:54,5,20.0,8.0,51,finished,,
2025-08-13T08:01:54,6,18.0,8.0,46,finished,,
2025-08-13T08:01:54,7,20.5,8.0,55,finished,,
2025-08-13T08:01:54,8,7.0,9.0,23,finished,,
2025-08-13T08:01:55,1,19.5,8.0,50,finished,,
2025-08-13T08:01:55,2,17.5,6.0,45,finished,,
2025-08-13T08:01:55,3,1.5,6.0,6,finished,,
2025-08-13T08:01:55,4,17.0,5.0,44,finished,,
2025-08-13T08:01:55,5,20.0,8.0,51,finished,,
2025-08-13T08:01:55,6,18.0,8.0,46,finished,,
2025-08-13T08:01:55,7,20.5,8.0,55,finished,,
2025-08-13T08:01:55,8,7.0,9.0,23,finished,,
2025-08-13T08:01:56,1,19.5,8.0,50,finished,,
2025-08-13T08:01:56,2,17.5,6.0,45,finished,,
2025-08-13T08:01:56,3,1.5,6.0,6,finished,,
2025-08-13T08:01:56,4,17.0,5.0,44,finished,,
2025-08-13T08:01:56,5,20.0,8.0,51,finished,,
2025-08-13T08:01:56,6,18.0,8.0,46,finished,,
2025-08-13T08:01:56,7,20.5,8.0,55,finished,,
2025-08-13T08:01:56,8,7.0,9.0,23,finished,,
2025-08-13T08:01:57,1,19.5,8.0,50,finished,,
2025-08-13T08:01:57,2,17.5,6.0,45,finished,,
2025-08-13T08:01:57,3,1.5,6.0,6,finished,,
2025-08-13T08:01:57,4,17.0,5.0,44,finished,,
2025-08-13T08:01:57,5,20.0,8.0,51,finished,,
2025-08-13T08:01:57,6,18.0,8.0,46,finished,,
2025-08-13T08:01:57,7,20.5,8.0,55,finished,,
2025-08-13T08:01:57,8,7.0,9.0,23,finished,,
2025-08-13T08:01:58,1,19.5,8.0,50,finished,,
2025-08-13T08:01:58,2,17.5,6.0,45,finished,,
2025-08-13T08:01:58,3,1.5,6.0,6,finished,,
2025-08-13T08:01:58,4,17.0,5.0,44,finished,,
2025-08-13T08:01:58,5,20.0,8.0,51,finished,,
2025-08-13T08:01:58,6,18.0,8.0,46,finished,,
2025-08-13T08:01:58,7,20.5,8.0,55,finished,,
2025-08-13T08:01:58,8,7.0,9.0,23,finished,,
2025-08-13T08:01:59,1,19.5,8.0,50,finished,,
2025-08-13T08:01:59,2,17.5,6.0,45,finished,,
2025-08-13T08:01:59,3,1.5,6.0,6,finished,,
2025-08-13T08:01:59,4,17.0,5.0,44,finished,,
2025-08-13T08:01:59,5,20.0,8.0,51,finished,,
2025-08-13T08:01:59,6,18.0,8.0,46,finished,,
2025-08-13T08:01:59,7,20.5,8.0,55,finished,,
2025-08-13T08:01:59,8,7.0,9.0,23,finished,,
2025-08-13T08:02:00,1,19.5,8.0,50,finished,,
2025-08-13T08:02:00,2,17.5,6.0,45,finished,,
2025-08-13T08:02:00,3,1.5,6.0,6,finished,,
2025-08-13T08:02:00,4,17.0,5.0,44,finished,,
2025-08-13T08:02:00,5,20.0,8.0,51,finished,,
2025-08-13T08:02:00,6,18.0,8.0,46,finished,,
2025-08-13T08:02:00,7,20.5,8.0,55,finished,,
2025-08-13T08:02:00,8,7.0,9.0,23,finished,,
2025-08-13T08:02:00,9,21.5,7.0,,moving,2025-08-13T08:02:00,2025-08-13T08:02:50.257694
2025-08-13T08:02:01,1,19.5,8.0,50,finished,,
2025-08-13T08:02:01,2,17.5,6.0,45,finished,,
2025-08-13T08:02:01,3,1.5,6.0,6,finished,,
2025-08-13T08:02:01,4,17.0,5.0,44,finished,,
2025-08-13T08:02:01,5,20.0,8.0,51,finished,,
2025-08-13T08:02:01,6,18.0,8.0,46,finished,,
2025-08-13T08:02:01,7,20.5,8.0,55,finished,,
2025-08-13T08:02:01,8,7.0,9.0,23,finished,,
2025-08-13T08:02:01,9,22.0,5.0,,moving,2025-08-13T08:02:00,2025-08-13T08:02:50.257694
2025-08-13T08:02:02,1,19.5,8.0,50,finished,,
2025-08-13T08:02:02,2,17.5,6.0,45,finished,,
2025-08-13T08:02:02,3,1.5,6.0,6,finished,,
2025-08-13T08:02:02,4,17.0,5.0,44,finished,,
2025-08-13T08:02:02,5,20.0,8.0,51,finished,,
2025-08-13T08:02:02,6,18.0,8.0,46,finished,,
2025-08-13T08:02:02,7,20.5,8.0,55,finished,,
2025-08-13T08:02:02,8,7.0,9.0,23,finished,,
2025-08-13T08:02:02,9,22.0,5.0,,moving,2025-08-13T08:02:00,2025-08-13T08:02:50.257694
2025-08-13T08:02:03,1,19.5,8.0,50,finished,,
2025-08-13T08:02:03,2,17.5,6.0,45,finished,,
2025-08-13T08:02:03,3,1.5,6.0,6,finished,,
2025-08-13T08:02:03,4,17.0,5.0,44,finished,,
2025-08-13T08:02:03,5,20.0,8.0,51,finished,,
2025-08-13T08:02:03,6,18.0,8.0,46,finished,,
2025-08-13T08:02:03,7,20.5,8.0,55,finished,,
2025-08-13T08:02:03,8,7.0,9.0,23,finished,,
2025-08-13T08:02:03,9,22.0,5.0,,moving,2025-08-13T08:02:00,2025-08-13T08:02:50.257694
2025-08-13T08:02:04,1,19.5,8.0,50,finished,,
2025-08-13T08:02:04,2,17.5,6.0,45,finished,,
2025-08-13T08:02:04,3,1.5,6.0,6,finished,,
2025-08-13T08:02:04,4,17.0,5.0,44,finished,,
2025-08-13T08:02:04,5,20.0,8.0,51,finished,,
2025-08-13T08:02:04,6,18.0,8.0,46,finished,,
2025-08-13T08:02:04,7,20.5,8.0,55,finished,,
2025-08-13T08:02:04,8,7.0,9.0,23,finished,,
2025-08-13T08:02:04,9,22.0,5.0,,moving,2025-08-13T08:02:00,2025-08-13T08:02:50.257694
2025-08-13T08:02:05,1,19.5,8.0,50,finished,,
2025-08-13T08:02:05,2,17.5,6.0,45,finished,,
2025-08-13T08:02:05,3,1.5,6.0,6,finished,,
2025-08-13T08:02:05,4,17.0,5.0,44,finished,,
2025-08-13T08:02:05,5,20.0,8.0,51,finished,,
2025-08-13T08:02:05,6,18.0,8.0,46,finished,,
2025-08-13T08:02:05,7,20.5,8.0,55,finished,,
2025-08-13T08:02:05,8,7.0,9.0,23,finished,,
2025-08-13T08:02:05,9,22.0,5.0,,moving,2025-08-13T08:02:00,2025-08-13T08:02:50.257694
2025-08-13T08:02:06,1,19.5,8.0,50,finished,,
2025-08-13T08:02:06,2,17.5,6.0,45,finished,,
2025-08-13T08:02:06,3,1.5,6.0,6,finished,,
2025-08-13T08:02:06,4,17.0,5.0,44,finished,,
2025-08-13T08:02:06,5,20.0,8.0,51,finished,,
2025-08-13T08:02:06,6,18.0,8.0,46,finished,,
2025-08-13T08:02:06,7,20.5,8.0,55,finished,,
2025-08-13T08:02:06,8,7.0,9.0,23,finished,,
2025-08-13T08:02:06,9,22.0,5.0,,moving,2025-08-13T08:02:00,2025-08-13T08:02:50.257694
2025-08-13T08:02:07,1,19.5,8.0,50,finished,,
2025-08-13T08:02:07,2,17.5,6.0,45,finished,,
2025-08-13T08:02:07,3,1.5,6.0,6,finished,,
2025-08-13T08:02:07,4,17.0,5.0,44,finished,,
2025-08-13T08:02:07,5,20.0,8.0,51,finished,,
2025-08-13T08:02:07,6,18.0,8.0,46,finished,,
2025-08-13T08:02:07,7,20.5,8.0,55,finished,,
2025-08-13T08:02:07,8,7.0,9.0,23,finished,,
2025-08-13T08:02:07,9,22.0,5.0,,moving,2025-08-13T08:02:00,2025-08-13T08:02:50.257694
2025-08-13T08:02:08,1,19.5,8.0,50,finished,,
2025-08-13T08:02:08,2,17.5,6.0,45,finished,,
2025-08-13T08:02:08,3,1.5,6.0,6,finished,,
2025-08-13T08:02:08,4,17.0,5.0,44,finished,,
2025-08-13T08:02:08,5,20.0,8.0,51,finished,,
2025-08-13T08:02:08,6,18.0,8.0,46,finished,,
2025-08-13T08:02:08,7,20.5,8.0,55,finished,,
2025-08-13T08:02:08,8,7.0,9.0,23,finished,,
2025-08-13T08:02:08,9,22.0,5.0,,moving,2025-08-13T08:02:00,2025-08-13T08:02:50.257694
2025-08-13T08:02:09,1,19.5,8.0,50,finished,,
2025-08-13T08:02:09,2,17.5,6.0,45,finished,,
2025-08-13T08:02:09,3,1.5,6.0,6,finished,,
2025-08-13T08:02:09,4,17.0,5.0,44,finished,,
2025-08-13T08:02:09,5,20.0,8.0,51,finished,,
2025-08-13T08:02:09,6,18.0,8.0,46,finished,,
2025-08-13T08:02:09,7,20.5,8.0,55,finished,,
2025-08-13T08:02:09,8,7.0,9.0,23,finished,,
2025-08-13T08:02:09,9,22.0,5.0,,moving,2025-08-13T08:02:00,2025-08-13T08:02:50.257694
2025-08-13T08:02:10,1,19.5,8.0,50,finished,,
2025-08-13T08:02:10,2,17.5,6.0,45,finished,,
2025-08-13T08:02:10,3,1.5,6.0,6,finished,,
2025-08-13T08:02:10,4,17.0,5.0,44,finished,,
2025-08-13T08:02:10,5,20.0,8.0,51,finished,,
2025-08-13T08:02:10,6,18.0,8.0,46,finished,,
2025-08-13T08:02:10,7,20.5,8.0,55,finished,,
2025-08-13T08:02:10,8,7.0,9.0,23,finished,,
2025-08-13T08:02:10,9,22.0,5.0,,moving,2025-08-13T08:02:00,2025-08-13T08:02:50.257694
2025-08-13T08:02:11,1,19.5,8.0,50,finished,,
2025-08-13T08:02:11,2,17.5,6.0,45,finished,,
2025-08-13T08:02:11,3,1.5,6.0,6,finished,,
2025-08-13T08:02:11,4,17.0,5.0,44,finished,,
2025-08-13T08:02:11,5,20.0,8.0,51,finished,,
2025-08-13T08:02:11,6,18.0,8.0,46,finished,,
2025-08-13T08:02:11,7,20.5,8.0,55,finished,,
2025-08-13T08:02:11,8,7.0,9.0,23,finished,,
2025-08-13T08:02:11,9,22.0,5.0,,moving,2025-08-13T08:02:00,2025-08-13T08:02:50.257694
2025-08-13T08:02:12,1,19.5,8.0,50,finished,,
2025-08-13T08:02:12,2,17.5,6.0,45,finished,,
2025-08-13T08:02:12,3,1.5,6.0,6,finished,,
2025-08-13T08:02:12,4,17.0,5.0,44,finished,,
2025-08-13T08:02:12,5,20.0,8.0,51,finished,,
2025-08-13T08:02:12,6,18.0,8.0,46,finished,,
2025-08-13T08:02:12,7,20.5,8.0,55,finished,,
2025-08-13T08:02:12,8,7.0,9.0,23,finished,,
2025-08-13T08:02:12,9,22.0,5.0,,moving,2025-08-13T08:02:00,2025-08-13T08:02:50.257694
2025-08-13T08:02:13,1,19.5,8.0,50,finished,,
2025-08-13T08:02:13,2,17.5,6.0,45,finished,,
2025-08-13T08:02:13,3,1.5,6.0,6,finished,,
2025-08-13T08:02:13,4,17.0,5.0,44,finished,,
2025-08-13T08:02:13,5,20.0,8.0,51,finished,,
2025-08-13T08:02:13,6,18.0,8.0,46,finished,,
2025-08-13T08:02:13,7,20.5,8.0,55,finished,,
2025-08-13T08:02:13,8,7.0,9.0,23,finished,,
2025-08-13T08:02:13,9,22.0,5.0,,moving,2025-08-13T08:02:00,2025-08-13T08:02:50.257694
2025-08-13T08:02:14,1,19.5,8.0,50,finished,,
2025-08-13T08:02:14,2,17.5,6.0,45,finished,,
2025-08-13T08:02:14,3,1.5,6.0,6,finished,,
2025-08-13T08:02:14,4,17.0,5.0,44,finished,,
2025-08-13T08:02:14,5,20.0,8.0,51,finished,,
2025-08-13T08:02:14,6,18.0,8.0,46,finished,,
2025-08-13T08:02:14,7,20.5,8.0,55,finished,,
2025-08-13T08:02:14,8,7.0,9.0,23,finished,,
2025-08-13T08:02:14,9,22.0,5.0,,moving,2025-08-13T08:02:00,2025-08-13T08:02:50.257694
2025-08-13T08:02:15,1,19.5,8.0,50,finished,,
2025-08-13T08:02:15,2,17.5,6.0,45,finished,,
2025-08-13T08:02:15,3,1.5,6.0,6,finished,,
2025-08-13T08:02:15,4,17.0,5.0,44,finished,,
2025-08-13T08:02:15,5,20.0,8.0,51,finished,,
2025-08-13T08:02:15,6,18.0,8.0,46,finished,,
2025-08-13T08:02:15,7,20.5,8.0,55,finished,,
2025-08-13T08:02:15,8,7.0,9.0,23,finished,,
2025-08-13T08:02:15,9,22.0,5.0,,moving,2025-08-13T08:02:00,2025-08-13T08:02:50.257694
2025-08-13T08:02:16,1,19.5,8.0,50,finished,,
2025-08-13T08:02:16,2,17.5,6.0,45,finished,,
2025-08-13T08:02:16,3,1.5,6.0,6,finished,,
2025-08-13T08:02:16,4,17.0,5.0,44,finished,,
2025-08-13T08:02:16,5,20.0,8.0,51,finished,,
2025-08-13T08:02:16,6,18.0,8.0,46,finished,,
2025-08-13T08:02:16,7,20.5,8.0,55,finished,,
2025-08-13T08:02:16,8,7.0,9.0,23,finished,,
2025-08-13T08:02:16,9,22.0,5.0,,moving,2025-08-13T08:02:00,2025-08-13T08:02:50.257694
2025-08-13T08:02:17,1,19.5,8.0,50,finished,,
2025-08-13T08:02:17,2,17.5,6.0,45,finished,,
2025-08-13T08:02:17,3,1.5,6.0,6,finished,,
2025-08-13T08:02:17,4,17.0,5.0,44,finished,,
2025-08-13T08:02:17,5,20.0,8.0,51,finished,,
2025-08-13T08:02:17,6,18.0,8.0,46,finished,,
2025-08-13T08:02:17,7,20.5,8.0,55,finished,,
2025-08-13T08:02:17,8,7.0,9.0,23,finished,,
2025-08-13T08:02:17,9,22.0,5.0,,moving,2025-08-13T08:02:00,2025-08-13T08:02:50.257694
2025-08-13T08:02:18,1,19.5,8.0,50,finished,,
2025-08-13T08:02:18,2,17.5,6.0,45,finished,,
2025-08-13T08:02:18,3,1.5,6.0,6,finished,,
2025-08-13T08:02:18,4,17.0,5.0,44,finished,,
2025-08-13T08:02:18,5,20.0,8.0,51,finished,,
2025-08-13T08:02:18,6,18.0,8.0,46,finished,,
2025-08-13T08:02:18,7,20.5,8.0,55,finished,,
2025-08-13T08:02:18,8,7.0,9.0,23,finished,,
2025-08-13T08:02:18,9,22.0,5.0,,moving,2025-08-13T08:02:00,2025-08-13T08:02:50.257694
2025-08-13T08:02:19,1,19.5,8.0,50,finished,,
2025-08-13T08:02:19,2,17.5,6.0,45,finished,,
2025-08-13T08:02:19,3,1.5,6.0,6,finished,,
2025-08-13T08:02:19,4,17.0,5.0,44,finished,,
2025-08-13T08:02:19,5,20.0,8.0,51,finished,,
2025-08-13T08:02:19,6,18.0,8.0,46,finished,,
2025-08-13T08:02:19,7,20.5,8.0,55,finished,,
2025-08-13T08:02:19,8,7.0,9.0,23,finished,,
2025-08-13T08:02:19,9,22.0,5.0,,moving,2025-08-13T08:02:00,2025-08-13T08:02:50.257694
2025-08-13T08:02:20,1,19.5,8.0,50,finished,,
2025-08-13T08:02:20,2,17.5,6.0,45,finished,,
2025-08-13T08:02:20,3,1.5,6.0,6,finished,,
2025-08-13T08:02:20,4,17.0,5.0,44,finished,,
2025-08-13T08:02:20,5,20.0,8.0,51,finished,,
2025-08-13T08:02:20,6,18.0,8.0,46,finished,,
2025-08-13T08:02:20,7,20.5,8.0,55,finished,,
2025-08-13T08:02:20,8,7.0,9.0,23,finished,,
2025-08-13T08:02:20,9,22.0,5.0,,moving,2025-08-13T08:02:00,2025-08-13T08:02:50.257694
2025-08-13T08:02:21,1,19.5,8.0,50,finished,,
2025-08-13T08:02:21,2,17.5,6.0,45,finished,,
2025-08-13T08:02:21,3,1.5,6.0,6,finished,,
2025-08-13T08:02:21,4,17.0,5.0,44,finished,,
2025-08-13T08:02:21,5,20.0,8.0,51,finished,,
2025-08-13T08:02:21,6,18.0,8.0,46,finished,,
2025-08-13T08:02:21,7,20.5,8.0,55,finished,,
2025-08-13T08:02:21,8,7.0,9.0,23,finished,,
2025-08-13T08:02:21,9,22.0,5.0,,moving,2025-08-13T08:02:00,2025-08-13T08:02:50.257694
2025-08-13T08:02:22,1,19.5,8.0,50,finished,,
2025-08-13T08:02:22,2,17.5,6.0,45,finished,,
2025-08-13T08:02:22,3,1.5,6.0,6,finished,,
2025-08-13T08:02:22,4,17.0,5.0,44,finished,,
2025-08-13T08:02:22,5,20.0,8.0,51,finished,,
2025-08-13T08:02:22,6,18.0,8.0,46,finished,,
2025-08-13T08:02:22,7,20.5,8.0,55,finished,,
2025-08-13T08:02:22,8,7.0,9.0,23,finished,,
2025-08-13T08:02:22,9,22.0,5.0,,moving,2025-08-13T08:02:00,2025-08-13T08:02:50.257694
2025-08-13T08:02:23,1,19.5,8.0,50,finished,,
2025-08-13T08:02:23,2,17.5,6.0,45,finished,,
2025-08-13T08:02:23,3,1.5,6.0,6,finished,,
2025-08-13T08:02:23,4,17.0,5.0,44,finished,,
2025-08-13T08:02:23,5,20.0,8.0,51,finished,,
2025-08-13T08:02:23,6,18.0,8.0,46,finished,,
2025-08-13T08:02:23,7,20.5,8.0,55,finished,,
2025-08-13T08:02:23,8,7.0,9.0,23,finished,,
2025-08-13T08:02:23,9,22.0,5.0,,moving,2025-08-13T08:02:00,2025-08-13T08:02:50.257694
2025-08-13T08:02:24,1,19.5,8.0,50,finished,,
2025-08-13T08:02:24,2,17.5,6.0,45,finished,,
2025-08-13T08:02:24,3,1.5,6.0,6,finished,,
2025-08-13T08:02:24,4,17.0,5.0,44,finished,,
2025-08-13T08:02:24,5,20.0,8.0,51,finished,,
2025-08-13T08:02:24,6,18.0,8.0,46,finished,,
2025-08-13T08:02:24,7,20.5,8.0,55,finished,,
2025-08-13T08:02:24,8,7.0,9.0,23,finished,,
2025-08-13T08:02:24,9,22.0,5.0,,moving,2025-08-13T08:02:00,2025-08-13T08:02:50.257694
2025-08-13T08:02:25,1,19.5,8.0,50,finished,,
2025-08-13T08:02:25,2,17.5,6.0,45,finished,,
2025-08-13T08:02:25,3,1.5,6.0,6,finished,,
2025-08-13T08:02:25,4,17.0,5.0,44,finished,,
2025-08-13T08:02:25,5,20.0,8.0,51,finished,,
2025-08-13T08:02:25,6,18.0,8.0,46,finished,,
2025-08-13T08:02:25,7,20.5,8.0,55,finished,,
2025-08-13T08:02:25,8,7.0,9.0,23,finished,,
2025-08-13T08:02:25,9,22.0,5.0,,moving,2025-08-13T08:02:00,2025-08-13T08:02:50.257694
2025-08-13T08:02:26,1,19.5,8.0,50,finished,,
2025-08-13T08:02:26,2,17.5,6.0,45,finished,,
2025-08-13T08:02:26,3,1.5,6.0,6,finished,,
2025-08-13T08:02:26,4,17.0,5.0,44,finished,,
2025-08-13T08:02:26,5,20.0,8.0,51,finished,,
2025-08-13T08:02:26,6,18.0,8.0,46,finished,,
2025-08-13T08:02:26,7,20.5,8.0,55,finished,,
2025-08-13T08:02:26,8,7.0,9.0,23,finished,,
2025-08-13T08:02:26,9,22.0,5.0,,moving,2025-08-13T08:02:00,2025-08-13T08:02:50.257694
2025-08-13T08:02:27,1,19.5,8.0,50,finished,,
2025-08-13T08:02:27,2,17.5,6.0,45,finished,,
2025-08-13T08:02:27,3,1.5,6.0,6,finished,,
2025-08-13T08:02:27,4,17.0,5.0,44,finished,,
2025-08-13T08:02:27,5,20.0,8.0,51,finished,,
2025-08-13T08:02:27,6,18.0,8.0,46,finished,,
2025-08-13T08:02:27,7,20.5,8.0,55,finished,,
2025-08-13T08:02:27,8,7.0,9.0,23,finished,,
2025-08-13T08:02:27,9,22.0,5.0,,moving,2025-08-13T08:02:00,2025-08-13T08:02:50.257694
2025-08-13T08:02:28,1,19.5,8.0,50,finished,,
2025-08-13T08:02:28,2,17.5,6.0,45,finished,,
2025-08-13T08:02:28,3,1.5,6.0,6,finished,,
2025-08-13T08:02:28,4,17.0,5.0,44,finished,,
2025-08-13T08:02:28,5,20.0,8.0,51,finished,,
2025-08-13T08:02:28,6,18.0,8.0,46,finished,,
2025-08-13T08:02:28,7,20.5,8.0,55,finished,,
2025-08-13T08:02:28,8,7.0,9.0,23,finished,,
2025-08-13T08:02:28,9,22.0,5.0,,moving,2025-08-13T08:02:00,2025-08-13T08:02:50.257694
2025-08-13T08:02:29,1,19.5,8.0,50,finished,,
2025-08-13T08:02:29,2,17.5,6.0,45,finished,,
2025-08-13T08:02:29,3,1.5,6.0,6,finished,,
2025-08-13T08:02:29,4,17.0,5.0,44,finished,,
2025-08-13T08:02:29,5,20.0,8.0,51,finished,,
2025-08-13T08:02:29,6,18.0,8.0,46,finished,,
2025-08-13T08:02:29,7,20.5,8.0,55,finished,,
2025-08-13T08:02:29,8,7.0,9.0,23,finished,,
2025-08-13T08:02:29,9,22.0,5.0,,moving,2025-08-13T08:02:00,2025-08-13T08:02:50.257694
2025-08-13T08:02:30,1,19.5,8.0,50,finished,,
2025-08-13T08:02:30,2,17.5,6.0,45,finished,,
2025-08-13T08:02:30,3,1.5,6.0,6,finished,,
2025-08-13T08:02:30,4,17.0,5.0,44,finished,,
2025-08-13T08:02:30,5,20.0,8.0,51,finished,,
2025-08-13T08:02:30,6,18.0,8.0,46,finished,,
2025-08-13T08:02:30,7,20.5,8.0,55,finished,,
2025-08-13T08:02:30,8,7.0,9.0,23,finished,,
2025-08-13T08:02:30,9,22.0,5.0,,moving,2025-08-13T08:02:00,2025-08-13T08:02:50.257694
2025-08-13T08:02:31,1,19.5,8.0,50,finished,,
2025-08-13T08:02:31,2,17.5,6.0,45,finished,,
2025-08-13T08:02:31,3,1.5,6.0,6,finished,,
2025-08-13T08:02:31,4,17.0,5.0,44,finished,,
2025-08-13T08:02:31,5,20.0,8.0,51,finished,,
2025-08-13T08:02:31,6,18.0,8.0,46,finished,,
2025-08-13T08:02:31,7,20.5,8.0,55,finished,,
2025-08-13T08:02:31,8,7.0,9.0,23,finished,,
2025-08-13T08:02:31,9,22.0,5.0,,moving,2025-08-13T08:02:00,2025-08-13T08:02:50.257694
2025-08-13T08:02:32,1,19.5,8.0,50,finished,,
2025-08-13T08:02:32,2,17.5,6.0,45,finished,,
2025-08-13T08:02:32,3,1.5,6.0,6,finished,,
2025-08-13T08:02:32,4,17.0,5.0,44,finished,,
2025-08-13T08:02:32,5,20.0,8.0,51,finished,,
2025-08-13T08:02:32,6,18.0,8.0,46,finished,,
2025-08-13T08:02:32,7,20.5,8.0,55,finished,,
2025-08-13T08:02:32,8,7.0,9.0,23,finished,,
2025-08-13T08:02:32,9,22.0,5.0,,moving,2025-08-13T08:02:00,2025-08-13T08:02:50.257694
2025-08-13T08:02:33,1,19.5,8.0,50,finished,,
2025-08-13T08:02:33,2,17.5,6.0,45,finished,,
2025-08-13T08:02:33,3,1.5,6.0,6,finished,,
2025-08-13T08:02:33,4,17.0,5.0,44,finished,,
2025-08-13T08:02:33,5,20.0,8.0,51,finished,,
2025-08-13T08:02:33,6,18.0,8.0,46,finished,,
2025-08-13T08:02:33,7,20.5,8.0,55,finished,,
2025-08-13T08:02:33,8,7.0,9.0,23,finished,,
2025-08-13T08:02:33,9,22.0,5.0,,moving,2025-08-13T08:02:00,2025-08-13T08:02:50.257694
2025-08-13T08:02:34,1,19.5,8.0,50,finished,,
2025-08-13T08:02:34,2,17.5,6.0,45,finished,,
2025-08-13T08:02:34,3,1.5,6.0,6,finished,,
2025-08-13T08:02:34,4,17.0,5.0,44,finished,,
2025-08-13T08:02:34,5,20.0,8.0,51,finished,,
2025-08-13T08:02:34,6,18.0,8.0,46,finished,,
2025-08-13T08:02:34,7,20.5,8.0,55,finished,,
2025-08-13T08:02:34,8,7.0,9.0,23,finished,,
2025-08-13T08:02:34,9,22.0,5.0,,moving,2025-08-13T08:02:00,2025-08-13T08:02:50.257694
2025-08-13T08:02:35,1,19.5,8.0,50,finished,,
2025-08-13T08:02:35,2,17.5,6.0,45,finished,,
2025-08-13T08:02:35,3,1.5,6.0,6,finished,,
2025-08-13T08:02:35,4,17.0,5.0,44,finished,,
2025-08-13T08:02:35,5,20.0,8.0,51,finished,,
2025-08-13T08:02:35,6,18.0,8.0,46,finished,,
2025-08-13T08:02:35,7,20.5,8.0,55,finished,,
2025-08-13T08:02:35,8,7.0,9.0,23,finished,,
2025-08-13T08:02:35,9,22.0,5.0,,moving,2025-08-13T08:02:00,2025-08-13T08:02:50.257694
2025-08-13T08:02:36,1,19.5,8.0,50,finished,,
2025-08-13T08:02:36,2,17.5,6.0,45,finished,,
2025-08-13T08:02:36,3,1.5,6.0,6,finished,,
2025-08-13T08:02:36,4,17.0,5.0,44,finished,,
2025-08-13T08:02:36,5,20.0,8.0,51,finished,,
2025-08-13T08:02:36,6,18.0,8.0,46,finished,,
2025-08-13T08:02:36,7,20.5,8.0,55,finished,,
2025-08-13T08:02:36,8,7.0,9.0,23,finished,,
2025-08-13T08:02:36,9,22.0,5.0,,moving,2025-08-13T08:02:00,2025-08-13T08:02:50.257694
2025-08-13T08:02:37,1,19.5,8.0,50,finished,,
2025-08-13T08:02:37,2,17.5,6.0,45,finished,,
2025-08-13T08:02:37,3,1.5,6.0,6,finished,,
2025-08-13T08:02:37,4,17.0,5.0,44,finished,,
2025-08-13T08:02:37,5,20.0,8.0,51,finished,,
2025-08-13T08:02:37,6,18.0,8.0,46,finished,,
2025-08-13T08:02:37,7,20.5,8.0,55,finished,,
2025-08-13T08:02:37,8,7.0,9.0,23,finished,,
2025-08-13T08:02:37,9,22.0,5.0,,moving,2025-08-13T08:02:00,2025-08-13T08:02:50.257694
2025-08-13T08:02:38,1,19.5,8.0,50,finished,,
2025-08-13T08:02:38,2,17.5,6.0,45,finished,,
2025-08-13T08:02:38,3,1.5,6.0,6,finished,,
2025-08-13T08:02:38,4,17.0,5.0,44,finished,,
2025-08-13T08:02:38,5,20.0,8.0,51,finished,,
2025-08-13T08:02:38,6,18.0,8.0,46,finished,,
2025-08-13T08:02:38,7,20.5,8.0,55,finished,,
2025-08-13T08:02:38,8,7.0,9.0,23,finished,,
2025-08-13T08:02:38,9,22.0,5.0,,moving,2025-08-13T08:02:00,2025-08-13T08:02:50.257694
2025-08-13T08:02:39,1,19.5,8.0,50,finished,,
2025-08-13T08:02:39,2,17.5,6.0,45,finished,,
2025-08-13T08:02:39,3,1.5,6.0,6,finished,,
2025-08-13T08:02:39,4,17.0,5.0,44,finished,,
2025-08-13T08:02:39,5,20.0,8.0,51,finished,,
2025-08-13T08:02:39,6,18.0,8.0,46,finished,,
2025-08-13T08:02:39,7,20.5,8.0,55,finished,,
2025-08-13T08:02:39,8,7.0,9.0,23,finished,,
2025-08-13T08:02:39,9,22.0,5.0,,moving,2025-08-13T08:02:00,2025-08-13T08:02:50.257694
2025-08-13T08:02:40,1,19.5,8.0,50,finished,,
2025-08-13T08:02:40,2,17.5,6.0,45,finished,,
2025-08-13T08:02:40,3,1.5,6.0,6,finished,,
2025-08-13T08:02:40,4,17.0,5.0,44,finished,,
2025-08-13T08:02:40,5,20.0,8.0,51,finished,,
2025-08-13T08:02:40,6,18.0,8.0,46,finished,,
2025-08-13T08:02:40,7,20.5,8.0,55,finished,,
2025-08-13T08:02:40,8,7.0,9.0,23,finished,,
2025-08-13T08:02:40,9,22.0,5.0,,moving,2025-08-13T08:02:00,2025-08-13T08:02:50.257694
2025-08-13T08:02:41,1,19.5,8.0,50,finished,,
2025-08-13T08:02:41,2,17.5,6.0,45,finished,,
2025-08-13T08:02:41,3,1.5,6.0,6,finished,,
2025-08-13T08:02:41,4,17.0,5.0,44,finished,,
2025-08-13T08:02:41,5,20.0,8.0,51,finished,,
2025-08-13T08:02:41,6,18.0,8.0,46,finished,,
2025-08-13T08:02:41,7,20.5,8.0,55,finished,,
2025-08-13T08:02:41,8,7.0,9.0,23,finished,,
2025-08-13T08:02:41,9,22.0,5.0,,moving,2025-08-13T08:02:00,2025-08-13T08:02:50.257694
2025-08-13T08:02:42,1,19.5,8.0,50,finished,,
2025-08-13T08:02:42,2,17.5,6.0,45,finished,,
2025-08-13T08:02:42,3,1.5,6.0,6,finished,,
2025-08-13T08:02:42,4,17.0,5.0,44,finished,,
2025-08-13T08:02:42,5,20.0,8.0,51,finished,,
2025-08-13T08:02:42,6,18.0,8.0,46,finished,,
2025-08-13T08:02:42,7,20.5,8.0,55,finished,,
2025-08-13T08:02:42,8,7.0,9.0,23,finished,,
2025-08-13T08:02:42,9,22.0,5.0,,moving,2025-08-13T08:02:00,2025-08-13T08:02:50.257694
2025-08-13T08:02:43,1,19.5,8.0,50,finished,,
2025-08-13T08:02:43,2,17.5,6.0,45,finished,,
2025-08-13T08:02:43,3,1.5,6.0,6,finished,,
2025-08-13T08:02:43,4,17.0,5.0,44,finished,,
2025-08-13T08:02:43,5,20.0,8.0,51,finished,,
2025-08-13T08:02:43,6,18.0,8.0,46,finished,,
2025-08-13T08:02:43,7,20.5,8.0,55,finished,,
2025-08-13T08:02:43,8,7.0,9.0,23,finished,,
2025-08-13T08:02:43,9,22.0,5.0,,moving,2025-08-13T08:02:00,2025-08-13T08:02:50.257694
2025-08-13T08:02:44,1,19.5,8.0,50,finished,,
2025-08-13T08:02:44,2,17.5,6.0,45,finished,,
2025-08-13T08:02:44,3,1.5,6.0,6,finished,,
2025-08-13T08:02:44,4,17.0,5.0,44,finished,,
2025-08-13T08:02:44,5,20.0,8.0,51,finished,,
2025-08-13T08:02:44,6,18.0,8.0,46,finished,,
2025-08-13T08:02:44,7,20.5,8.0,55,finished,,
2025-08-13T08:02:44,8,7.0,9.0,23,finished,,
2025-08-13T08:02:44,9,22.0,5.0,,moving,2025-08-13T08:02:00,2025-08-13T08:02:50.257694
2025-08-13T08:02:45,1,19.5,8.0,50,finished,,
2025-08-13T08:02:45,2,17.5,6.0,45,finished,,
2025-08-13T08:02:45,3,1.5,6.0,6,finished,,
2025-08-13T08:02:45,4,17.0,5.0,44,finished,,
2025-08-13T08:02:45,5,20.0,8.0,51,finished,,
2025-08-13T08:02:45,6,18.0,8.0,46,finished,,
2025-08-13T08:02:45,7,20.5,8.0,55,finished,,
2025-08-13T08:02:45,8,7.0,9.0,23,finished,,
2025-08-13T08:02:45,9,22.0,5.0,,moving,2025-08-13T08:02:00,2025-08-13T08:02:50.257694
2025-08-13T08:02:46,1,19.5,8.0,50,finished,,
2025-08-13T08:02:46,2,17.5,6.0,45,finished,,
2025-08-13T08:02:46,3,1.5,6.0,6,finished,,
2025-08-13T08:02:46,4,17.0,5.0,44,finished,,
2025-08-13T08:02:46,5,20.0,8.0,51,finished,,
2025-08-13T08:02:46,6,18.0,8.0,46,finished,,
2025-08-13T08:02:46,7,20.5,8.0,55,finished,,
2025-08-13T08:02:46,8,7.0,9.0,23,finished,,
2025-08-13T08:02:46,9,22.0,5.0,,moving,2025-08-13T08:02:00,2025-08-13T08:02:50.257694
2025-08-13T08:02:47,1,19.5,8.0,50,finished,,
2025-08-13T08:02:47,2,17.5,6.0,45,finished,,
2025-08-13T08:02:47,3,1.5,6.0,6,finished,,
2025-08-13T08:02:47,4,17.0,5.0,44,finished,,
2025-08-13T08:02:47,5,20.0,8.0,51,finished,,
2025-08-13T08:02:47,6,18.0,8.0,46,finished,,
2025-08-13T08:02:47,7,20.5,8.0,55,finished,,
2025-08-13T08:02:47,8,7.0,9.0,23,finished,,
2025-08-13T08:02:47,9,22.0,5.0,,moving,2025-08-13T08:02:00,2025-08-13T08:02:50.257694
2025-08-13T08:02:48,1,19.5,8.0,50,finished,,
2025-08-13T08:02:48,2,17.5,6.0,45,finished,,
2025-08-13T08:02:48,3,1.5,6.0,6,finished,,
2025-08-13T08:02:48,4,17.0,5.0,44,finished,,
2025-08-13T08:02:48,5,20.0,8.0,51,finished,,
2025-08-13T08:02:48,6,18.0,8.0,46,finished,,
2025-08-13T08:02:48,7,20.5,8.0,55,finished,,
2025-08-13T08:02:48,8,7.0,9.0,23,finished,,
2025-08-13T08:02:48,9,22.0,5.0,,moving,2025-08-13T08:02:00,2025-08-13T08:02:50.257694
2025-08-13T08:02:49,1,19.5,8.0,50,finished,,
2025-08-13T08:02:49,2,17.5,6.0,45,finished,,
2025-08-13T08:02:49,3,1.5,6.0,6,finished,,
2025-08-13T08:02:49,4,17.0,5.0,44,finished,,
2025-08-13T08:02:49,5,20.0,8.0,51,finished,,
2025-08-13T08:02:49,6,18.0,8.0,46,finished,,
2025-08-13T08:02:49,7,20.5,8.0,55,finished,,
2025-08-13T08:02:49,8,7.0,9.0,23,finished,,
2025-08-13T08:02:49,9,22.0,5.0,,moving,2025-08-13T08:02:00,2025-08-13T08:02:50.257694
2025-08-13T08:02:50,1,19.5,8.0,50,finished,,
2025-08-13T08:02:50,2,17.5,6.0,45,finished,,
2025-08-13T08:02:50,3,1.5,6.0,6,finished,,
2025-08-13T08:02:50,4,17.0,5.0,44,finished,,
2025-08-13T08:02:50,5,20.0,8.0,51,finished,,
2025-08-13T08:02:50,6,18.0,8.0,46,finished,,
2025-08-13T08:02:50,7,20.5,8.0,55,finished,,
2025-08-13T08:02:50,8,7.0,9.0,23,finished,,
2025-08-13T08:02:50,9,22.0,5.0,,moving,2025-08-13T08:02:00,2025-08-13T08:02:50.257694
2025-08-13T08:02:51,1,19.5,8.0,50,finished,,
2025-08-13T08:02:51,2,17.5,6.0,45,finished,,
2025-08-13T08:02:51,3,1.5,6.0,6,finished,,
2025-08-13T08:02:51,4,17.0,5.0,44,finished,,
2025-08-13T08:02:51,5,20.0,8.0,51,finished,,
2025-08-13T08:02:51,6,18.0,8.0,46,finished,,
2025-08-13T08:02:51,7,20.5,8.0,55,finished,,
2025-08-13T08:02:51,8,7.0,9.0,23,finished,,
2025-08-13T08:02:51,9,17.5,6.0,,moving,2025-08-13T08:02:00.882694,2025-08-13T08:02:51.022448
